"Txhash","Blockno","UnixTimestamp","DateTime","From","To","Token_ID","Value","Method"
"0x3393b86a16ff2c001d62f48e5037c457088c5468204400b15aaef05745fcd5e3","15046472","1656529572","2022-06-29 19:06:12","0x0000000000000000000000000000000000000000","0x50bfdfcb02d68e3a4643bce7edab5691ea6749b9","1","10", "Mint Base New"
"0xa398cc2e2b80e97ad309097d8ef913f8cd124d6fc0073d90868f7e3b7f897488","15046509","1656530299","2022-06-29 19:18:19","0x50bfdfcb02d68e3a4643bce7edab5691ea6749b9","0x196e7b2d09c0a093c2a19622df730e43480c5dbf","1","1", "Fulfill Basic Order"
"0x4afa05908c27a34ba5d1fc62b4ad44bda4c8ba940400c7cd491fd412ec85376b","15046649","1656532543","2022-06-29 19:55:43","0x50bfdfcb02d68e3a4643bce7edab5691ea6749b9","0x569e3f5d5e82325a52d4042ac99f24df923a414c","1","1", "Fulfill Basic Order"
"0x6152d53e322291d37a32857ccbb701248355a4dd86a748ed060b619e961191b0","15046664","1656532790","2022-06-29 19:59:50","0x50bfdfcb02d68e3a4643bce7edab5691ea6749b9","0x007393197e3d9705eed553ff6aaa496f7d20fdef","1","1", "Fulfill Basic Order"
"0xa77f16a6536943f68a683da48c1a90cd55593ebdd9c8bc2c59b34e5d9f27be2e","15046813","1656535001","2022-06-29 20:36:41","0x50bfdfcb02d68e3a4643bce7edab5691ea6749b9","0x17fccee77ea267079a3e3d83bf1abcca104d4edb","1","1", "Fulfill Basic Order"
"0x1788792bea1d91f796bfee8b04211b180e9b38626be6256e17bd7a08b78442fa","15047315","1656542869","2022-06-29 22:47:49","0x50bfdfcb02d68e3a4643bce7edab5691ea6749b9","0xf214386058d1e1ae3e1d0dfd10c5b03c6691670e","1","1", "Fulfill Basic Order"
"0x1f0db8a558e539cb41b9b7ff6f5f48360cf333718e3f2ba77d139da342bdc639","15047522","1656545814","2022-06-29 23:36:54","0x50bfdfcb02d68e3a4643bce7edab5691ea6749b9","0x49671901d05fabffe166b094f67e2acc59399431","1","1", "Fulfill Basic Order"
"0xb6f7480c8685fc5b8c5e751b79332e699cb4440767f7adf2adad3591a2a65f97","15047866","1656551538","2022-06-30 01:12:18","0x50bfdfcb02d68e3a4643bce7edab5691ea6749b9","0x5f0bccdb48bd52475a83e68550eca1aea9861761","1","1", "Fulfill Basic Order"
"0xa9063a95bc6faf236005e30d721eb60ffa61ca920ece8959261ae9facbbe6ed4","15048150","1656556118","2022-06-30 02:28:38","0x50bfdfcb02d68e3a4643bce7edab5691ea6749b9","0x9374933862007acce42ffaf8bd23c2c5252ec28e","1","1", "Fulfill Basic Order"
"0xd30fc02c357fa092bcb71a8542e0a70eb5f233030c2d04d896846b173bf8e1fc","15048260","1656558107","2022-06-30 03:01:47","0x50bfdfcb02d68e3a4643bce7edab5691ea6749b9","0xcf806faa913b3ac7bcb7b57b1199411a76d96646","1","1", "Fulfill Basic Order"
"0x925b4915138210db15de5f51a41d0b2d1107b66b80777681d2ad498c7089f102","15048468","1656561553","2022-06-30 03:59:13","0x50bfdfcb02d68e3a4643bce7edab5691ea6749b9","0x41fd3dc049f8c1ac6670de119698d3488017c0b6","1","1", "Fulfill Basic Order"
"0xa8cbf1f304dea344112b593d2189a6edcd1384ccb2069a267005b7d75220c4fd","15090177","1657127133","2022-07-06 17:05:33","0x0000000000000000000000000000000000000000","0x50bfdfcb02d68e3a4643bce7edab5691ea6749b9","2","10", "Mint Base New"
"0x6a431b05bc648e6d34a8d6c0dbd792644e1051b236069662c300922cfcbae936","15090206","1657127506","2022-07-06 17:11:46","0x50bfdfcb02d68e3a4643bce7edab5691ea6749b9","0xfe1f344bc6d9d5d2af0de101fb63a523bdb23d02","2","1", "Fulfill Basic Order"
"0x5c3ae7d5fbc856c43a56a14a2d4a5d3d6a33b312c241b343f33548558616fa6d","15090221","1657127653","2022-07-06 17:14:13","0x50bfdfcb02d68e3a4643bce7edab5691ea6749b9","0xdb71ee38b57608b8322703b4e0306b758a5f2dcc","2","1", "Fulfill Basic Order"
"0x1ce4973ca459f3828cf7a92ea749a44af40eeacd3249e060c8d4e0d370c84145","15090263","1657128213","2022-07-06 17:23:33","0x50bfdfcb02d68e3a4643bce7edab5691ea6749b9","0xfe1f344bc6d9d5d2af0de101fb63a523bdb23d02","2","1", "Fulfill Basic Order"
"0xf9d334f327e00d789840471a7d482c41d6a49056ba4ff69f49fe5cfde20a44db","15090281","1657128444","2022-07-06 17:27:24","0x50bfdfcb02d68e3a4643bce7edab5691ea6749b9","0x2378c5870024c0a2669f6dcd61e827b9916dfd24","2","1", "Fulfill Basic Order"
"0xbf15eaf6c182ba121986d3b35b4b80e6c558558ab93103b067a3922a7fed18d7","15090298","1657128678","2022-07-06 17:31:18","0x50bfdfcb02d68e3a4643bce7edab5691ea6749b9","0x41d3ea0d6a64d603cb8c3ff710f05f546061cdde","2","1", "Fulfill Basic Order"
"0xbcc40a1e980b35695d9f986247498a49ce01a9c148d8484b9a0260edddba4e3f","15090302","1657128764","2022-07-06 17:32:44","0x50bfdfcb02d68e3a4643bce7edab5691ea6749b9","0xe5f4a40634467a353e0273254b2391043245054b","2","1", "Fulfill Basic Order"
"0x8885701c8b20cbe2aa667d063bf572e7ff0b8412c2c007648e29f710892d02ab","15090311","1657128874","2022-07-06 17:34:34","0x50bfdfcb02d68e3a4643bce7edab5691ea6749b9","0xc9fb3fb35b5bb40f9ad4e3c6ab004bf7c09b678d","2","1", "Fulfill Basic Order"
"0x41eaaaa50c0c6c7c64f2de07e5efb9920b34027e3952326aae216db49b095c90","15090340","1657129205","2022-07-06 17:40:05","0x50bfdfcb02d68e3a4643bce7edab5691ea6749b9","0x35e68790b5737e22b1efaefa73d33d3e47b3b400","2","1", "Fulfill Basic Order"
"0x4720f7b5043e921ebda30114c632d02eacfbd85ea7244babda1aa0a390c225ab","15090347","1657129290","2022-07-06 17:41:30","0x50bfdfcb02d68e3a4643bce7edab5691ea6749b9","0xba9ae18995f5cfc98196850d40b58445c08cb485","2","1", "Fulfill Basic Order"
"0x32e594e4f0315714ad4b991acae7092fff2040dd74dd5af650185bb3dd7621cd","15090366","1657129523","2022-07-06 17:45:23","0x50bfdfcb02d68e3a4643bce7edab5691ea6749b9","0xb9e22a2bb81f0e5498c82e88b0dc7c0276cd5cb1","2","1", "Fulfill Basic Order"
"0xb626ba497ca07f118b0f3114e5e3d873559d11cd9892e32e3b637f4eb5960506","15109400","1657382914","2022-07-09 16:08:34","0xe5f4a40634467a353e0273254b2391043245054b","0xe9c8e9ac746b0a9950d16787e0a4d540b6549926","2","1", "Safe Transfer From"
"0xb4dd7acfe780608fd9bc341af3cbea90a25ff50a40afd9d80573eb7b9b48efcc","15109970","1657390831","2022-07-09 18:20:31","0x5f0bccdb48bd52475a83e68550eca1aea9861761","0x29ead4a74b2b25661a157ecd74d60a24290e17b5","1","1", "Safe Transfer From"
"0x177460e2ec1648581481bfae05fb13a22555ebef5ef680bd0b305237f1a80430","15112045","1657418222","2022-07-10 01:57:02","0x0000000000000000000000000000000000000000","0x50bfdfcb02d68e3a4643bce7edab5691ea6749b9","3","10", "Mint Base New"
"0x8153036913a4a29d0549d433f1869141f96126aa0cb8d307858473826fb9cce8","15112094","1657418887","2022-07-10 02:08:07","0x50bfdfcb02d68e3a4643bce7edab5691ea6749b9","0xcf806faa913b3ac7bcb7b57b1199411a76d96646","3","1", "Fulfill Basic Order"
"0x0d1a36d8389264327c69a8418dd44e388d3eb39b655f78a146c375e3551b39eb","15112102","1657418979","2022-07-10 02:09:39","0x50bfdfcb02d68e3a4643bce7edab5691ea6749b9","0x8d86672e1ffee1b9af94e2ad71866934848c44fd","3","1", "Fulfill Basic Order"
"0x8c66b765d20b217e29c9f8b7a7910d607aa7d3a3d1f15eab52258acdfdd5781c","15112120","1657419198","2022-07-10 02:13:18","0x50bfdfcb02d68e3a4643bce7edab5691ea6749b9","0x9addbb648ece701a42a06e25f5ef5410a9083745","3","1", "Fulfill Basic Order"
"0x26097f17d3c693b0649962b839fd0a7d06c1c73ca51580b8554aa27af1110caf","15112169","1657419813","2022-07-10 02:23:33","0x50bfdfcb02d68e3a4643bce7edab5691ea6749b9","0x2378c5870024c0a2669f6dcd61e827b9916dfd24","3","1", "Fulfill Basic Order"
"0x2b0b1ad0e31da961a5e008d6a76e51b8c31f8d3a397606eef42bca3189091ec4","15112185","1657420007","2022-07-10 02:26:47","0x50bfdfcb02d68e3a4643bce7edab5691ea6749b9","0x76c76dd3c425e566ea15dd7d81f63397b2c28319","3","1", "Fulfill Basic Order"
"0x9ae85d9662e6d713bb718f683011c0e077b72c64365dbc5e407a82169152a6fd","15112186","1657420030","2022-07-10 02:27:10","0x50bfdfcb02d68e3a4643bce7edab5691ea6749b9","0xb2e0ee23551b8b056fa18e1f5be113e6f8150ac8","3","1", "Fulfill Basic Order"
"0x157521b4f800d03b2228385c7e19bd7477f01d09f7a3abdadfc18e1ff8a25e9c","15112234","1657420702","2022-07-10 02:38:22","0x50bfdfcb02d68e3a4643bce7edab5691ea6749b9","0xe695618c6e1d2cfe8abca79bdeecb79d72cc2ea8","3","1", "Fulfill Basic Order"
"0x5cac43ca4c378f1da60c15a85b95f844289830ec181d2221d5c1c30d23474d78","15112268","1657421135","2022-07-10 02:45:35","0x50bfdfcb02d68e3a4643bce7edab5691ea6749b9","0x51097fdf7b9ba09e578c4421b99b427097b055a1","3","1", "Fulfill Basic Order"
"0xa7988b569a4806f8962ad5cd012ff636acec2245a2a6439354e59df3765af4ca","15112301","1657421450","2022-07-10 02:50:50","0x50bfdfcb02d68e3a4643bce7edab5691ea6749b9","0x007393197e3d9705eed553ff6aaa496f7d20fdef","3","1", "Fulfill Basic Order"
"0xb3552f8f728e3d54914b4ce7ed061c301be406786272f3541020650781cd9865","15112376","1657422348","2022-07-10 03:05:48","0x50bfdfcb02d68e3a4643bce7edab5691ea6749b9","0xd56e5640217bf905eba26c22546f576bbc39dc2d","3","1", "Fulfill Basic Order"
"0x50f1d1ece1856050d5768e17c1d5e679c20f590409ad93957eb0584d07148153","15136494","1657745095","2022-07-13 20:44:55","0x0000000000000000000000000000000000000000","0x50bfdfcb02d68e3a4643bce7edab5691ea6749b9","4","10", "Mint Base New"
"0x75ded12d910015f32f8364f4c10c38613e1449788dd6d887df6e87b6210e2940","15136525","1657745525","2022-07-13 20:52:05","0x50bfdfcb02d68e3a4643bce7edab5691ea6749b9","0x29ead4a74b2b25661a157ecd74d60a24290e17b5","4","1", "Fulfill Basic Order"
"0x39eef7ed6fe3ff8550fc868a46a558b91387f84c65bdb61e419d220132b6ad9b","15136530","1657745571","2022-07-13 20:52:51","0x50bfdfcb02d68e3a4643bce7edab5691ea6749b9","0x8c3996617922c3ca288958c233141d2672b6c4cf","4","1", "Fulfill Basic Order"
"0xc525b98d0b4a60b5a87191cd094df7a22a917b8c2ee4356d56a88e2e9696c4ca","15136546","1657745870","2022-07-13 20:57:50","0x50bfdfcb02d68e3a4643bce7edab5691ea6749b9","0x41d3ea0d6a64d603cb8c3ff710f05f546061cdde","4","1", "Fulfill Basic Order"
"0x5121b58aa92f6b7dc37e1080e6e04592f964ae2c7b0faf766c2908ca651c162a","15136572","1657746149","2022-07-13 21:02:29","0x50bfdfcb02d68e3a4643bce7edab5691ea6749b9","0xf64082aae11698fd814686fae0ddc64c31fb5d56","4","1", "Fulfill Basic Order"
"0x49a751b34666025d3bc16ea477f68f0250938ba9210b0038817be4bd0be764c5","15136580","1657746249","2022-07-13 21:04:09","0x50bfdfcb02d68e3a4643bce7edab5691ea6749b9","0x3e26603299ec18a0a59c179b92b303722c04c5d0","4","1", "Fulfill Basic Order"
"0xe6075b8c61df0e737c2e7cb9c8b435027f5c0e87e5b5036fbd3f812457462dbf","15136821","1657749712","2022-07-13 22:01:52","0x50bfdfcb02d68e3a4643bce7edab5691ea6749b9","0xba5cf00eb56bb1494bb4707d99f1e1bbf13d8c12","4","1", "Fulfill Basic Order"
"0x84d1a1537897c51d5928f873cf4e6f0c858e839a619c21db6c71a88282c874a4","15136866","1657750304","2022-07-13 22:11:44","0x50bfdfcb02d68e3a4643bce7edab5691ea6749b9","0xad7f171874d8ee8e9c998237ad3aa6396d84a008","4","1", "Fulfill Basic Order"
"0xae78fafbc8f46a395e88588230fc2e9fa4c835c0382f5cc71b1a363f9c8cb060","15136887","1657750575","2022-07-13 22:16:15","0x50bfdfcb02d68e3a4643bce7edab5691ea6749b9","0x013ca029ba7db937008758f59e9cf32d0ebbd720","4","1", "Fulfill Basic Order"
"0x8a86c7ff513c794c1b88036ff4afb1dbc666b268f9fed3f5f484737f84bd655e","15136903","1657750771","2022-07-13 22:19:31","0x50bfdfcb02d68e3a4643bce7edab5691ea6749b9","0x8b38e93e21c3f4ca4dd41d9f86a0515a1560cc8c","4","1", "Fulfill Basic Order"
"0x024f9725cff2d62cdbc1879973e358135de224a5d57b4af5dac1423ccd952ea3","15136939","1657751238","2022-07-13 22:27:18","0x50bfdfcb02d68e3a4643bce7edab5691ea6749b9","0xb8e1397c908c7021e69f2494f6dca033fe671dad","4","1", "Fulfill Basic Order"
"0xe7a122ca01ea949b1768ebcbfa7987a6ec85e1804ed0a6aa1ce9713abd28a9b3","15140516","1657798395","2022-07-14 11:33:15","0x41d3ea0d6a64d603cb8c3ff710f05f546061cdde","0xb50b1db4f8d491f9166f7957afc084a0c6fbc62f","4","1", "Safe Transfer From"
"0x2bbe9b96c26a36dad194e5cdc4289fbbde1e0de34092f3714fa88409cbab0a8d","15163279","1658102863","2022-07-18 00:07:43","0x0000000000000000000000000000000000000000","0x50bfdfcb02d68e3a4643bce7edab5691ea6749b9","5","10", "Mint Base New"
"0x0546a57e6e5d8720f901927e197999198a8ffbcda2bd0be865318d505dbbf004","15163328","1658103430","2022-07-18 00:17:10","0x50bfdfcb02d68e3a4643bce7edab5691ea6749b9","0xc358abb5505285e14c5d22cde5cd90d6b31359c8","5","1", "Fulfill Basic Order"
"0x058938f7d5de0f58f56c34ab218ee7bf1a98260464e052d433d1c197f826226e","15163397","1658104428","2022-07-18 00:33:48","0x50bfdfcb02d68e3a4643bce7edab5691ea6749b9","0xb2e0ee23551b8b056fa18e1f5be113e6f8150ac8","5","1", "Fulfill Basic Order"
"0xd2737ed126bb205f2320a3cec4675716806506a4fa0e219a770d352750b67d12","15163399","1658104475","2022-07-18 00:34:35","0x50bfdfcb02d68e3a4643bce7edab5691ea6749b9","0xcf806faa913b3ac7bcb7b57b1199411a76d96646","5","1", "Fulfill Basic Order"
"0xc17e118cdad37cc1d0afdc44540daa05e0262eec1dca86b8d11a2fca31fdf3b8","15163477","1658105464","2022-07-18 00:51:04","0x50bfdfcb02d68e3a4643bce7edab5691ea6749b9","0x3e26603299ec18a0a59c179b92b303722c04c5d0","5","1", "Fulfill Basic Order"
"0xcdba769d71797c744bb7fa7084df936caf3c9395831764811c67052fe25e673c","15163572","1658106784","2022-07-18 01:13:04","0x50bfdfcb02d68e3a4643bce7edab5691ea6749b9","0x007393197e3d9705eed553ff6aaa496f7d20fdef","5","1", "Fulfill Basic Order"
"0x3c7bef3e4d5a5f53792325d6fddc255d0c4968c7f046e4b1639d07337a7c3633","15163595","1658107089","2022-07-18 01:18:09","0x50bfdfcb02d68e3a4643bce7edab5691ea6749b9","0x007393197e3d9705eed553ff6aaa496f7d20fdef","5","1", "Fulfill Basic Order"
"0xac2ae9bfd35b949d255c9632bc016332716f5753a25cc6089f7cc24eb6b97c74","15163598","1658107107","2022-07-18 01:18:27","0x50bfdfcb02d68e3a4643bce7edab5691ea6749b9","0x39340a2815802ce3f75c51de1014fc87927172ae","5","1", "Fulfill Basic Order"
"0x2d62e6f237193c72a371810024769189ad4aa75b7fbf47a7a4e9ebf1f20e8104","15163599","1658107135","2022-07-18 01:18:55","0x007393197e3d9705eed553ff6aaa496f7d20fdef","0x478877398f91919892842928ded5ce1d73649046","5","1", "Safe Transfer From"
"0xe90f2f2dde2762221ac52d345e8af2b53f2713f5e890135206a83c734fcb5725","15163831","1658110177","2022-07-18 02:09:37","0x50bfdfcb02d68e3a4643bce7edab5691ea6749b9","0x8d86672e1ffee1b9af94e2ad71866934848c44fd","5","1", "Fulfill Basic Order"
"0x4c9685e5a336b0a3e1131cb660ba97d00fd5a27baa52ee690348a816501ca763","15163955","1658111659","2022-07-18 02:34:19","0x50bfdfcb02d68e3a4643bce7edab5691ea6749b9","0x9374933862007acce42ffaf8bd23c2c5252ec28e","5","1", "Fulfill Basic Order"
"0x82fc8d5d16cff58124caefeeeb3e6f3c49ab747675b34d5e7158d8b6fe192da7","15164392","1658117355","2022-07-18 04:09:15","0x50bfdfcb02d68e3a4643bce7edab5691ea6749b9","0x25665e8b95792c23d6167d2d0903fdc6bfef87e9","5","1", "Fulfill Basic Order"
"0x7a1bdbdc3a49b744c2a96c2c7b5ac4d857e4157d6b4248ef3f2cddde31d2ead2","15169837","1658190650","2022-07-19 00:30:50","0x0000000000000000000000000000000000000000","0x50bfdfcb02d68e3a4643bce7edab5691ea6749b9","6","10", "Mint Base New"
"0x4f79e00ee83e730d459c4f03701da94f05cbc9ae1bcf0c934ea9aa94bba4e251","15169867","1658190996","2022-07-19 00:36:36","0x50bfdfcb02d68e3a4643bce7edab5691ea6749b9","0x39340a2815802ce3f75c51de1014fc87927172ae","6","1", "Fulfill Basic Order"
"0x733dce9401941ba8db9738e39aa96e135eecc204d6dcbd2457b2e6ac679cb129","15169887","1658191247","2022-07-19 00:40:47","0x50bfdfcb02d68e3a4643bce7edab5691ea6749b9","0xcf806faa913b3ac7bcb7b57b1199411a76d96646","6","1", "Fulfill Basic Order"
"0x7055f75b578104afbe9dbe4eee9df1327f4ffa5f08ae0d79d2788c7b0eb95289","15170046","1658193477","2022-07-19 01:17:57","0x50bfdfcb02d68e3a4643bce7edab5691ea6749b9","0x007393197e3d9705eed553ff6aaa496f7d20fdef","6","1", "Fulfill Basic Order"
"0x08dd47a9210c5129979b46b42f83928f36636913be638fd8056a98fad319d0c3","15170123","1658194505","2022-07-19 01:35:05","0x50bfdfcb02d68e3a4643bce7edab5691ea6749b9","0xdaaf777becf70c446ff2852bf76e5f41556739bc","6","1", "Fulfill Basic Order"
"0xe9f1c7b86ac1c7cd14093f2aac8de34a0d494d75ec5dd955aaca63cb0a0a6228","15170180","1658195197","2022-07-19 01:46:37","0x50bfdfcb02d68e3a4643bce7edab5691ea6749b9","0x975d07636e8ca4d78f77ef86cdbd5f8cb3923b8e","6","1", "Fulfill Basic Order"
"0x510b5e8e13e5c032b9f55e59a8824a0cf3f3e929e4058d58486fb05d9bfd2443","15174742","1658255872","2022-07-19 18:37:52","0x50bfdfcb02d68e3a4643bce7edab5691ea6749b9","0xb7af436ed99654fae6c6faa6c627ba598d3a2bce","6","1", "Fulfill Basic Order"
"0xd28245561e791dbc1b78cee3e97ff237dce93c792a5c12d30bf7bf1a7b8446ea","15174915","1658258349","2022-07-19 19:19:09","0x50bfdfcb02d68e3a4643bce7edab5691ea6749b9","0x8f800cc88bffede0dbaecc76a0c15a2f5701ac1e","6","1", "Fulfill Basic Order"
"0x441927b77f4b4ebf6c2bf244e1447425f976ab018392a042ee22852ad6b333a6","15174952","1658258743","2022-07-19 19:25:43","0x50bfdfcb02d68e3a4643bce7edab5691ea6749b9","0x8c3996617922c3ca288958c233141d2672b6c4cf","6","1", "Fulfill Basic Order"
"0x759e9eb21b6317ac0bb9647d857c97e1db64a1da2b5bad69643b23237a07ad7a","15174964","1658258881","2022-07-19 19:28:01","0x50bfdfcb02d68e3a4643bce7edab5691ea6749b9","0x0af9983a787b7eaa9cb6f18d872476b536c922e5","6","1", "Fulfill Basic Order"
"0x7334b567ab224b464e800a8fcae254cfea9e3876019c457146da00edfc217f18","15175114","1658260726","2022-07-19 19:58:46","0x50bfdfcb02d68e3a4643bce7edab5691ea6749b9","0xf64082aae11698fd814686fae0ddc64c31fb5d56","6","1", "Fulfill Basic Order"
"0x806e1d12d295bd5739aa37e6a9548b7a916b335d4eb7b8233e5e4b477ce12e68","15176651","1658281637","2022-07-20 01:47:17","0x0000000000000000000000000000000000000000","0x50bfdfcb02d68e3a4643bce7edab5691ea6749b9","7","10", "Mint Base New"
"0x0f1d30b97c9d1bf01424f26640c49002cb62482dae223131ca2b70e0538bf576","15176698","1658282116","2022-07-20 01:55:16","0x50bfdfcb02d68e3a4643bce7edab5691ea6749b9","0x1b9c993f2962d8f0faea3387b368a011f2b9d0ee","7","1", "Fulfill Basic Order"
"0x34db159e6fffc7f78a7a963b72d5a2af09ce20a36fbe92b26acb3304a6d207c8","15176743","1658282715","2022-07-20 02:05:15","0x50bfdfcb02d68e3a4643bce7edab5691ea6749b9","0xcf806faa913b3ac7bcb7b57b1199411a76d96646","7","1", "Fulfill Basic Order"
"0xbd3551e7d6d5e9357de9240d2a0ab4a6538237eec7b1313001de5133e4e32a7b","15176826","1658283713","2022-07-20 02:21:53","0x50bfdfcb02d68e3a4643bce7edab5691ea6749b9","0x39340a2815802ce3f75c51de1014fc87927172ae","7","1", "Fulfill Basic Order"
"0xd82a2f063a327fc4ea4c7c47573f94ecb2d2631e5f39db71e85f3eb8e90d9510","15176952","1658285336","2022-07-20 02:48:56","0x50bfdfcb02d68e3a4643bce7edab5691ea6749b9","0xad7f171874d8ee8e9c998237ad3aa6396d84a008","7","1", "Fulfill Basic Order"
"0xd7819e890b3dccdb2e19aed1cc6524d748d9779fac4255bbb91372ccb73ac4df","15177524","1658293288","2022-07-20 05:01:28","0x50bfdfcb02d68e3a4643bce7edab5691ea6749b9","0xce0023b9ccce08dd88d1a59fdeadf309b4ca5799","7","1", "Fulfill Basic Order"
"0x0529c36628d5096e7b2ebfa38aacd9ce99ed8ed9c3aefbbb59708725c0b82096","15177608","1658294536","2022-07-20 05:22:16","0x50bfdfcb02d68e3a4643bce7edab5691ea6749b9","0x013ca029ba7db937008758f59e9cf32d0ebbd720","7","1", "Fulfill Basic Order"
"0x7a3a35ff4e3fea627c417485466f022f9f0e83c900ca25fce1601fe20d2ac202","15178724","1658309860","2022-07-20 09:37:40","0x50bfdfcb02d68e3a4643bce7edab5691ea6749b9","0xf64082aae11698fd814686fae0ddc64c31fb5d56","7","1", "Fulfill Basic Order"
"0xdedf3af23bff3160df64f35aef3eea7e4b78ec2cc4bc4f0e56548fa7d0f2bf3e","15178800","1658310775","2022-07-20 09:52:55","0x50bfdfcb02d68e3a4643bce7edab5691ea6749b9","0x3f6c277c6b50d30b8464253f78873d7f2329e431","7","1", "Fulfill Basic Order"
"0x89f829624650f1458ddeebd21a4f8678a05c67e426fb34b993bf9c77a6c460e9","15179328","1658317959","2022-07-20 11:52:39","0x50bfdfcb02d68e3a4643bce7edab5691ea6749b9","0x8c3996617922c3ca288958c233141d2672b6c4cf","7","1", "Fulfill Basic Order"
"0x0156af0b643c9bf499bb42f4a9bd5285c4044ccb3f707797e6f0ec5ca022dc42","15179678","1658322474","2022-07-20 13:07:54","0x50bfdfcb02d68e3a4643bce7edab5691ea6749b9","0x2931785df9942afdb5efdb6670e2c0155366e61b","7","1", "Fulfill Basic Order"
"0xc1dab5268562600fc94525af24fa5a0377f93e010b56de8f8c14679f0cc275f9","15195757","1658537057","2022-07-23 00:44:17","0x0000000000000000000000000000000000000000","0x50bfdfcb02d68e3a4643bce7edab5691ea6749b9","8","10", "Mint Base New"
"0xd1999c3f2c389def2e28989c902540008028a99fe25ba81af4856876bc2eee60","15195789","1658537452","2022-07-23 00:50:52","0x50bfdfcb02d68e3a4643bce7edab5691ea6749b9","0x41d3ea0d6a64d603cb8c3ff710f05f546061cdde","8","1", "Fulfill Basic Order"
"0x473e29dbbce2335cb62d1fd13026d34f4636264a8aaa0d10a464fed5c2e50521","15195807","1658537768","2022-07-23 00:56:08","0x50bfdfcb02d68e3a4643bce7edab5691ea6749b9","0x8b38e93e21c3f4ca4dd41d9f86a0515a1560cc8c","8","1", "Fulfill Basic Order"
"0xb9710e3cb26b4784005587c15979e5af1fb306c2c18f85d126524fb14cc626f8","15195812","1658537835","2022-07-23 00:57:15","0x50bfdfcb02d68e3a4643bce7edab5691ea6749b9","0x3a6d29d4abd80e97b8215b3236da68048e9749a4","8","1", "Fulfill Basic Order"
"0xc0220ba1eea3a184dd5929163cb80f166253195afde630c8bcb0062b5c3eeb49","15195824","1658537991","2022-07-23 00:59:51","0x50bfdfcb02d68e3a4643bce7edab5691ea6749b9","0xc0f1af4537f821fdfceb6c07021547c48f2773a3","8","1", "Fulfill Basic Order"
"0xc8c7cfceaac2df82946fca167c40dd9f8380f8c5c0187f5cd8e8c3236e437977","15195853","1658538343","2022-07-23 01:05:43","0x50bfdfcb02d68e3a4643bce7edab5691ea6749b9","0x851f261d6018a6c3788317ed72a21ee86cdb8325","8","1", "Fulfill Basic Order"
"0xdd0fb530a4126a0b584ba4e58ac6ca5b18187be5943979795d5568606e91c29f","15195854","1658538360","2022-07-23 01:06:00","0x50bfdfcb02d68e3a4643bce7edab5691ea6749b9","0xdaaf777becf70c446ff2852bf76e5f41556739bc","8","1", "Fulfill Basic Order"
"0x32f2f0fd8c4dcbc08dff3e919e393e03e98d8e2ea11f9ea99f9ee6d52386fcbd","15195868","1658538483","2022-07-23 01:08:03","0x50bfdfcb02d68e3a4643bce7edab5691ea6749b9","0x21fa2eac56b620e49ff722211dfe0f1e5d612c5e","8","1", "Fulfill Basic Order"
"0x372ddb7fb98fb3d44f025a912dc6263033f549e9b152c1fa762c94d6feb80f34","15195875","1658538611","2022-07-23 01:10:11","0x50bfdfcb02d68e3a4643bce7edab5691ea6749b9","0x6860d457124613765a81a57a5853f467abf2d8fd","8","1", "Fulfill Basic Order"
"0x9f282b128ecf1de0c9b901fd5ac4008ab5f14178d065c5d8ff2c090a1bee5347","15195890","1658538760","2022-07-23 01:12:40","0x50bfdfcb02d68e3a4643bce7edab5691ea6749b9","0x78c76fda23553243399ebd202b715301cbe8af29","8","1", "Fulfill Basic Order"
"0xaa34221587fc8f31d63007fb476f9091ee737da27608598aad75d38e5ac4a4bb","15195894","1658538814","2022-07-23 01:13:34","0x50bfdfcb02d68e3a4643bce7edab5691ea6749b9","0x4936b305102f442080d4711f14c5f0318e3caf74","8","1", "Fulfill Basic Order"
"0x3c332628272210b8c3b64172f92ed2f74bac28a51a40b1569d464c427e7fe8ce","15210199","1658732431","2022-07-25 07:00:31","0x8b38e93e21c3f4ca4dd41d9f86a0515a1560cc8c","0x6160a747f35d90b7edb3523fcc38fd1baeb43a79","4","1", "Safe Transfer From"
"0x0fc0e2f6af482fc26e5e9326e3c93f738caeaa5abdeab1b0c0e9e52f5722f66c","15210203","1658732470","2022-07-25 07:01:10","0x8b38e93e21c3f4ca4dd41d9f86a0515a1560cc8c","0x6160a747f35d90b7edb3523fcc38fd1baeb43a79","8","1", "Safe Transfer From"
"0xbcedc5d08a6c23fb9b8f3d4dfea554504d6bea540113f027932d75879e992f98","15213821","1658780560","2022-07-25 20:22:40","0x0000000000000000000000000000000000000000","0x50bfdfcb02d68e3a4643bce7edab5691ea6749b9","9","10", "Mint Base New"
"0xa5b713a696991a696310501ad06a5e9db24911981571050f235e95931483ab5f","15213854","1658781008","2022-07-25 20:30:08","0x50bfdfcb02d68e3a4643bce7edab5691ea6749b9","0x41808f4494a718f24e47564c952837ad5ab9feb0","9","1", "Fulfill Basic Order"
"0x706fae37555a3c96c1bf4046cf4d4f95b52593912efa9f185ca22b0ca816a201","15213892","1658781539","2022-07-25 20:38:59","0x50bfdfcb02d68e3a4643bce7edab5691ea6749b9","0x9374933862007acce42ffaf8bd23c2c5252ec28e","9","1", "Fulfill Basic Order"
"0xba8c9a5a5132e50acf6f59ce47def8e7b584ab7e81de7e8795938fff0b4bb71c","15213896","1658781633","2022-07-25 20:40:33","0x50bfdfcb02d68e3a4643bce7edab5691ea6749b9","0xf64082aae11698fd814686fae0ddc64c31fb5d56","9","1", "Fulfill Basic Order"
"0x8b065beed7cf32fdfde8146a92840677bfba60fa435bb6387eea269f745edb46","15213898","1658781647","2022-07-25 20:40:47","0x50bfdfcb02d68e3a4643bce7edab5691ea6749b9","0xb7af436ed99654fae6c6faa6c627ba598d3a2bce","9","1", "Fulfill Basic Order"
"0x8022c6dcc7ac6b36311d52b6ba93f245c67d2a5426ff988c182b0396b40f835e","15213944","1658782319","2022-07-25 20:51:59","0x50bfdfcb02d68e3a4643bce7edab5691ea6749b9","0x8b38e93e21c3f4ca4dd41d9f86a0515a1560cc8c","9","1", "Fulfill Basic Order"
"0xeba2158577d6c01151d68e2155526a23ac3626a7051d9f055504e4bfd157c9b3","15213984","1658782854","2022-07-25 21:00:54","0x50bfdfcb02d68e3a4643bce7edab5691ea6749b9","0x39340a2815802ce3f75c51de1014fc87927172ae","9","1", "Fulfill Basic Order"
"0x1a1175aeb0e78eada4023cae995571af9ea905930c78c915e64bcafd336d3f22","15213988","1658782925","2022-07-25 21:02:05","0x50bfdfcb02d68e3a4643bce7edab5691ea6749b9","0x52e68fbc50941b757560544e78ebe0718ee98517","9","1", "Fulfill Basic Order"
"0x674435cfca52674739a2c4131da63d6387bbe2f9af03e6fdb613baff77cb4ab6","15214002","1658783071","2022-07-25 21:04:31","0x50bfdfcb02d68e3a4643bce7edab5691ea6749b9","0xc365b481cd9c3a980ee92b3ff4c754150a34f2ae","9","1", "Fulfill Basic Order"
"0x645de676a44f62e50894d0d2ab27357309dcfa6793bd635351cedc7cec5bc527","15214014","1658783234","2022-07-25 21:07:14","0x50bfdfcb02d68e3a4643bce7edab5691ea6749b9","0xd4543f9f357598e92f45325e6f2f760dc8dbe556","9","1", "Fulfill Basic Order"
"0xc6feb1c1886e84ad4df25fd37ba7d0385c8cb2fe29a98de825469f0963167e74","15214025","1658783386","2022-07-25 21:09:46","0x50bfdfcb02d68e3a4643bce7edab5691ea6749b9","0x78c76fda23553243399ebd202b715301cbe8af29","9","1", "Fulfill Basic Order"
"0x281f5e91bc3261286d7b5730709ba7176286f7657930d3261507ff0cd6e09701","15214312","1658787110","2022-07-25 22:11:50","0x8b38e93e21c3f4ca4dd41d9f86a0515a1560cc8c","0x6160a747f35d90b7edb3523fcc38fd1baeb43a79","9","1", "Safe Transfer From"
"0x466cf707d9f73fb0cbbfecaeec2b4a0e2d617808ca235935ec3d40605028288c","15215716","1658806090","2022-07-26 03:28:10","0x0000000000000000000000000000000000000000","0x50bfdfcb02d68e3a4643bce7edab5691ea6749b9","10","10", "Mint Base New"
"0xef84fd0ec2c31bb9332a54282089e6413932fd2b95328984c6c615779c50322d","15216082","1658811321","2022-07-26 04:55:21","0x50bfdfcb02d68e3a4643bce7edab5691ea6749b9","0xacc47b7d7332475f8b6c9e345fc9175639d5c0ca","10","1", "Fulfill Basic Order"
"0x98cf8468278df0ac1f9a8eb8f33eb2defe5b35e6fa267b558946b5dd491ebb9e","15216087","1658811408","2022-07-26 04:56:48","0x50bfdfcb02d68e3a4643bce7edab5691ea6749b9","0x359be354c0943fab200af92839b36b7e50220a7a","10","1", "Fulfill Basic Order"
"0x9173f9074e7127adea1362e391f4ee0d7705fcfd9fb3e25d5e9c327b50531acc","15216217","1658812995","2022-07-26 05:23:15","0x50bfdfcb02d68e3a4643bce7edab5691ea6749b9","0x13c781c9150c714ddbb042f1177747411b1f360f","10","1", "Fulfill Basic Order"
"0xf87135d4b57627660d186047308812b5fe31356b2602010fc2dfa95b00d946f7","15216255","1658813456","2022-07-26 05:30:56","0x50bfdfcb02d68e3a4643bce7edab5691ea6749b9","0xa30f4a337b9e53fd07db63f8f498fde92fa102c0","10","1", "Fulfill Basic Order"
"0x90062b17e5bdccc89ef6692a4d2318f8967c6015d905ff871e0c3dae0467e0ef","15216980","1658822983","2022-07-26 08:09:43","0x50bfdfcb02d68e3a4643bce7edab5691ea6749b9","0xf64082aae11698fd814686fae0ddc64c31fb5d56","10","1", "Fulfill Basic Order"
"0xfc78ad5088790df845c5205e416f3b9c807d0ffb6a72f04f6e7bfab9452c6a1f","15217933","1658836360","2022-07-26 11:52:40","0x50bfdfcb02d68e3a4643bce7edab5691ea6749b9","0x41808f4494a718f24e47564c952837ad5ab9feb0","10","1", "Fulfill Basic Order"
"0x064a34760dc84ecf8489dd2ffe7bc86dec3295bb051a9281beb4c38b2e1fe4f7","15218067","1658838160","2022-07-26 12:22:40","0x50bfdfcb02d68e3a4643bce7edab5691ea6749b9","0x39340a2815802ce3f75c51de1014fc87927172ae","10","1", "Fulfill Basic Order"
"0xf5e4beb6f7420ae3428fedcd358e38f0f0feecfba4219e571de95a70f7af65fd","15218222","1658840107","2022-07-26 12:55:07","0x50bfdfcb02d68e3a4643bce7edab5691ea6749b9","0xf00f2b96410d027ca2cfc9df6ed029a82fea47bf","10","1", "Fulfill Basic Order"
"0xf71184683aa766f9e517c8d01ac8fa0c002717723fcdfdb4bf628f644d4764f1","15218909","1658849315","2022-07-26 15:28:35","0x50bfdfcb02d68e3a4643bce7edab5691ea6749b9","0x007393197e3d9705eed553ff6aaa496f7d20fdef","10","1", "Fulfill Basic Order"
"0x655746db46e2257f95a73fe8a22c0ca57dce2468d80f4b54ec17ed38efb22dd0","15218918","1658849417","2022-07-26 15:30:17","0x007393197e3d9705eed553ff6aaa496f7d20fdef","0x17fccee77ea267079a3e3d83bf1abcca104d4edb","10","1", "Safe Transfer From"
"0x918015bb1185c2addc85cd54d422d01d279df03ae286ff1ac8a696b895a6176a","15218929","1658849582","2022-07-26 15:33:02","0x50bfdfcb02d68e3a4643bce7edab5691ea6749b9","0x007393197e3d9705eed553ff6aaa496f7d20fdef","10","1", "Fulfill Basic Order"
"0x85755c1208ee2722b71e8cd07afef7369696427dd343e3050b511e483572078d","15218949","1658849856","2022-07-26 15:37:36","0x007393197e3d9705eed553ff6aaa496f7d20fdef","0x013ca029ba7db937008758f59e9cf32d0ebbd720","5","1", "Safe Transfer From"
"0x7a7421037ade6d7835752eb198fc3207617ecfca6bfb8118135a179fba6d7d4d","15221157","1658879686","2022-07-26 23:54:46","0x29ead4a74b2b25661a157ecd74d60a24290e17b5","0x39340a2815802ce3f75c51de1014fc87927172ae","4","1", "Safe Transfer From"
"0x293fb0c54807bd49eb9da5a8aa75c99113122ec6787377d83e3331c83a842c95","15221194","1658880080","2022-07-27 00:01:20","0x29ead4a74b2b25661a157ecd74d60a24290e17b5","0x39340a2815802ce3f75c51de1014fc87927172ae","1","1", "Safe Transfer From"
"0x9a16e6b04c2ec702f2f9f1e724eb1feed67057011b00f813ab3c2c2d3e203fe4","15229299","1658988621","2022-07-28 06:10:21","0x0000000000000000000000000000000000000000","0x50bfdfcb02d68e3a4643bce7edab5691ea6749b9","11","10", "Mint Base New"
"0x803360f3d3b066541c4dee27b4e720c3f799764881ecef75b998d5eb8fc4137e","15229367","1658989591","2022-07-28 06:26:31","0x50bfdfcb02d68e3a4643bce7edab5691ea6749b9","0x13c781c9150c714ddbb042f1177747411b1f360f","11","1", "Fulfill Basic Order"
"0x17129e4a5573347660729870e97e3ac676202ab8eb7b2ddee895ec57946c56a6","15230795","1659008353","2022-07-28 11:39:13","0x50bfdfcb02d68e3a4643bce7edab5691ea6749b9","0x39340a2815802ce3f75c51de1014fc87927172ae","11","1", "Fulfill Basic Order"
"0x4609b95cabc0634b2a989a24926bab44e8168c84a5c8c32b4c798de326313e12","15231135","1659013095","2022-07-28 12:58:15","0x50bfdfcb02d68e3a4643bce7edab5691ea6749b9","0x6b3fa94ce1dd458f417e29bcd62f4149d8729114","11","1", "Fulfill Basic Order"
"0x32a8bc4e3280e34eb30fad216273118a8bd826de474f64b9d2891db43a71fae2","15232384","1659029763","2022-07-28 17:36:03","0x50bfdfcb02d68e3a4643bce7edab5691ea6749b9","0x8001edaf71dc22df812d906758754218b93b9aed","11","1", "Fulfill Basic Order"
"0x4441f0d3f9107b296daaf5dfd852e2ec460abe6fb2de64fbd62d097e2c238508","15234235","1659054943","2022-07-29 00:35:43","0x50bfdfcb02d68e3a4643bce7edab5691ea6749b9","0x6b4c2803ed8b91ff3030a653156f0707c0ff8122","11","1", "Fulfill Basic Order"
"0xd704a6468913a8e1530bdd22338e095f5a3b2eb4fd277e31284aa08b93f80b89","15234728","1659061859","2022-07-29 02:30:59","0x50bfdfcb02d68e3a4643bce7edab5691ea6749b9","0x5fc13c5a541041f8fa12fab492d064435eb8d2f5","11","1", "Fulfill Basic Order"
"0x64d6f92e5e7aace9764c78c854c2fcc93a6da20eeff6dd82ab767fb3d346b364","15234747","1659062089","2022-07-29 02:34:49","0x50bfdfcb02d68e3a4643bce7edab5691ea6749b9","0x231fdcac73f9fed1ac2d12af5f7cea39456019d6","11","1", "Fulfill Basic Order"
"0x73507a377f931675701a520e75006f2dac50cd075e15d5e1e3b6f74e74086e2a","15234755","1659062181","2022-07-29 02:36:21","0x50bfdfcb02d68e3a4643bce7edab5691ea6749b9","0x9e108077dbd635301807de05927bc4e92ab64933","11","1", "Fulfill Basic Order"
"0x0ff905aa309241592c050c75def935c14fc7e163b15cf95edf354d36af7a0f79","15234761","1659062367","2022-07-29 02:39:27","0x50bfdfcb02d68e3a4643bce7edab5691ea6749b9","0x2945f119f704a78126601c4ad00f6809cccd8b67","11","1", "Fulfill Basic Order"
"0x11612ee963dff68d16ac4fb4a8a3132a3d81f9df55a95b24c109a1a046a0732a","15234769","1659062519","2022-07-29 02:41:59","0x50bfdfcb02d68e3a4643bce7edab5691ea6749b9","0x4a7d3ac1dfd36640d46ae5aa6fb6c810522a0f5e","11","1", "Fulfill Basic Order"
"0x960be4f467ede1ba29e03e73f127a58f91ca1293bf80524e7a6baffa58da8a7f","15236061","1659080171","2022-07-29 07:36:11","0x0000000000000000000000000000000000000000","0x50bfdfcb02d68e3a4643bce7edab5691ea6749b9","12","10", "Mint Base New"
"0xe4d9553b395d16b4842e7e7a6c81c98b64389901a40ceb755ee3f1516141e438","15237771","1659103207","2022-07-29 14:00:07","0x50bfdfcb02d68e3a4643bce7edab5691ea6749b9","0x39340a2815802ce3f75c51de1014fc87927172ae","12","1", "Fulfill Basic Order"
"0xf54a6e1608ddc14938585353aec4075cce764ccc5d415922a9f158926e5508df","15239503","1659126130","2022-07-29 20:22:10","0x50bfdfcb02d68e3a4643bce7edab5691ea6749b9","0xdaaf777becf70c446ff2852bf76e5f41556739bc","12","1", "Fulfill Basic Order"
"0xb22b42c2615ffbd899f05c293fc9ba5eaf692ba1b81cfbdbed66607f4dca48cb","15239629","1659127657","2022-07-29 20:47:37","0x50bfdfcb02d68e3a4643bce7edab5691ea6749b9","0x535b4e3263668a3faa6e6b364c23ee5106c51f15","12","1", "Fulfill Basic Order"
"0x62b95bc7e9b311f4f6e5b01006609757d7bc23e4f0a52fcd97418dad77cf6dc9","15239658","1659127967","2022-07-29 20:52:47","0x535b4e3263668a3faa6e6b364c23ee5106c51f15","0x6160a747f35d90b7edb3523fcc38fd1baeb43a79","12","1", "Safe Transfer From"
"0xfcaa44aac0dd51bf8442ffdde5db8e9655483a524092fda9a051c5ab90635248","15246241","1659216787","2022-07-30 21:33:07","0x50bfdfcb02d68e3a4643bce7edab5691ea6749b9","0x69a3dc6dd652d06be090e2e099469908fc5cd74f","12","1", "Fulfill Basic Order"
"0x2d735fc4b784c99c3ec068c51b0753a536d320ceb15fe31f4b5975e2d118c3b8","15258805","1659385596","2022-08-01 20:26:36","0xc9fb3fb35b5bb40f9ad4e3c6ab004bf7c09b678d","0x39340a2815802ce3f75c51de1014fc87927172ae","2","1", "Fulfill Basic Order"
"0xaf9c1ffce5e603a58006e19732aad804b7e35a717815a79ea8f45d2b57ed1b12","15258812","1659385661","2022-08-01 20:27:41","0xb2e0ee23551b8b056fa18e1f5be113e6f8150ac8","0x39340a2815802ce3f75c51de1014fc87927172ae","3","1", "Fulfill Basic Order"
"0x674d783ff38dbe1b00e3b9a1b458ec7730387245ec8c9420a5ff38c20279a27a","15259864","1659399917","2022-08-02 00:25:17","0x50bfdfcb02d68e3a4643bce7edab5691ea6749b9","0x97b557a4a6af4a8f64e2e6ed5af5d72b028c4e57","12","1", "Fulfill Basic Order"
"0x717d055d3d758ea93619c3f190ad84b07d4e7e5e171f9ee58c5c5cb3faf804c9","15263529","1659448874","2022-08-02 14:01:14","0x50bfdfcb02d68e3a4643bce7edab5691ea6749b9","0xef8a614852f96b25c8814572a24d54596d6d3647","12","1", "Fulfill Basic Order"
"0x21c5b3138b9cb92b9142db15f88e4cddecbbe003627e2da6effc06002edc4565","15265263","1659472591","2022-08-02 20:36:31","0x50bfdfcb02d68e3a4643bce7edab5691ea6749b9","0xb7af436ed99654fae6c6faa6c627ba598d3a2bce","12","1", "Fulfill Basic Order"
"0xcf286dc14ec99624438ded2d82813cd9f725a7c95a905443776140ff8f478e7d","15265292","1659473080","2022-08-02 20:44:40","0x50bfdfcb02d68e3a4643bce7edab5691ea6749b9","0xc9fb3fb35b5bb40f9ad4e3c6ab004bf7c09b678d","12","1", "Fulfill Basic Order"
"0xfa0e412d70efd3e87260674e83afee9a5df76fc6e6be9cdf37e00d86309b3484","15265317","1659473436","2022-08-02 20:50:36","0x50bfdfcb02d68e3a4643bce7edab5691ea6749b9","0x975d07636e8ca4d78f77ef86cdbd5f8cb3923b8e","12","1", "Fulfill Basic Order"
"0x2ecf72de99f1b75b3d123b7ef0e18d17a7a1524e848fc7bb96d23be7f36bc171","15265480","1659475410","2022-08-02 21:23:30","0x50bfdfcb02d68e3a4643bce7edab5691ea6749b9","0x17fccee77ea267079a3e3d83bf1abcca104d4edb","12","1", "Fulfill Basic Order"
"0x16e5db5e5e04211ec8cbe148c88f4fc8bcf7119a839dda8beef05dfd284e1e8d","15272556","1659571313","2022-08-04 00:01:53","0x0000000000000000000000000000000000000000","0x50bfdfcb02d68e3a4643bce7edab5691ea6749b9","13","10", "Mint Base New"
"0x44157ae88304572c1d6e3f4e98692d0021c0ebd5b06b02f4cc90a23e2e69726c","15272595","1659571705","2022-08-04 00:08:25","0x50bfdfcb02d68e3a4643bce7edab5691ea6749b9","0x975d07636e8ca4d78f77ef86cdbd5f8cb3923b8e","13","1", "Fulfill Basic Order"
"0xa9162a2c4d724edcc08259887170767de14116047c7abac2cd20d8e6dbd5bf78","15272628","1659572173","2022-08-04 00:16:13","0x50bfdfcb02d68e3a4643bce7edab5691ea6749b9","0x975d07636e8ca4d78f77ef86cdbd5f8cb3923b8e","13","1", "Fulfill Basic Order"
"0xa5d28e1b970ba61b02d397b4e72b2c518b41d7eb72c4bf01f543e53129fac34e","15272748","1659573743","2022-08-04 00:42:23","0x50bfdfcb02d68e3a4643bce7edab5691ea6749b9","0x1df2385c22de8212822379699b21690d145b7b4d","13","1", "Fulfill Basic Order"
"0x7f237c1dc976af046641abc42f51de5e302a2366a3fbdcf50e3f09dcfb86dda5","15273052","1659577765","2022-08-04 01:49:25","0x50bfdfcb02d68e3a4643bce7edab5691ea6749b9","0x6b4c2803ed8b91ff3030a653156f0707c0ff8122","13","1", "Fulfill Basic Order"
"0x13dc0810d8c85e3606f790b45c4e63cce09b567e6eedb0a347b4e9be10fcbe46","15273174","1659579419","2022-08-04 02:16:59","0x50bfdfcb02d68e3a4643bce7edab5691ea6749b9","0x39340a2815802ce3f75c51de1014fc87927172ae","13","1", "Fulfill Basic Order"
"0x3efcbb36e1d11a0cbfb6b68bc4605a8b1aba7d24b8a9777152149730a8cbe834","15273798","1659588138","2022-08-04 04:42:18","0x50bfdfcb02d68e3a4643bce7edab5691ea6749b9","0x9b25f796dcf939b73d30ab1006d62ddde1a0b1d8","13","1", "Fulfill Basic Order"
"0x2b36f4732c403979eb3926e64215d146274254ed90b9e9c418e5c2de2b4445bb","15273801","1659588183","2022-08-04 04:43:03","0x50bfdfcb02d68e3a4643bce7edab5691ea6749b9","0x9b25f796dcf939b73d30ab1006d62ddde1a0b1d8","13","1", "Fulfill Basic Order"
"0x48085ac842ccf44b32ca54d2843613e4869a25435e75db4de17075cd59166709","15273802","1659588190","2022-08-04 04:43:10","0x50bfdfcb02d68e3a4643bce7edab5691ea6749b9","0x9b25f796dcf939b73d30ab1006d62ddde1a0b1d8","13","1", "Fulfill Basic Order"
"0x15e06bdbb633946a59a1faff09c8c415acaf12d8f8c051e5d4b85dace658210d","15273804","1659588245","2022-08-04 04:44:05","0x50bfdfcb02d68e3a4643bce7edab5691ea6749b9","0x9b25f796dcf939b73d30ab1006d62ddde1a0b1d8","13","1", "Fulfill Basic Order"
"0xfe111a7fbace6745f4b76ed2597f57c94f1bce1387b63aae78f891d8f609e8cc","15273808","1659588270","2022-08-04 04:44:30","0x50bfdfcb02d68e3a4643bce7edab5691ea6749b9","0x9b25f796dcf939b73d30ab1006d62ddde1a0b1d8","13","1", "Fulfill Basic Order"
"0x2a378cb5578f30f51e727091041cd7cb1e3e130988a36f7bd004c5c3a3430cba","15273827","1659588510","2022-08-04 04:48:30","0x9b25f796dcf939b73d30ab1006d62ddde1a0b1d8","0x50bfdfcb02d68e3a4643bce7edab5691ea6749b9","13","1", "Safe Transfer From"
"0x668ef0e48c29e1e3249fe98cbf124486b316782933eb61703a2f427ca4148356","15273843","1659588741","2022-08-04 04:52:21","0x9b25f796dcf939b73d30ab1006d62ddde1a0b1d8","0x10c1c5554d4ed417d1d3b0e9c7b08e057bc9cb3c","13","1", "Safe Transfer From"
"0xb035ac82d0ab79115b02419d32e74902a7f40d0bcd8e717572f2d0982e6322c3","15273849","1659588796","2022-08-04 04:53:16","0x9b25f796dcf939b73d30ab1006d62ddde1a0b1d8","0x8d82e18703eecbc6bac23293c4285305be01d487","13","1", "Safe Transfer From"
"0x230438c6b7ac8ab86e95650020c4694ceb8d1ceace9b64a70a3730d0c193a5a4","15273864","1659588925","2022-08-04 04:55:25","0x9b25f796dcf939b73d30ab1006d62ddde1a0b1d8","0xb0dd17567933fc80810d7fd6b39409eb03dd23a6","13","1", "Safe Transfer From"
"0x2d97c85f58a19e6e6c905b91b82cf5a563ba81804d2e1a0cebba2c9047096fed","15278312","1659649227","2022-08-04 21:40:27","0x0000000000000000000000000000000000000000","0x50bfdfcb02d68e3a4643bce7edab5691ea6749b9","14","10", "Mint Base New"
"0x445a014609d0512be72bf00163bf01916c8060f34e3fc4c710560a0c50e68619","15278382","1659650092","2022-08-04 21:54:52","0x50bfdfcb02d68e3a4643bce7edab5691ea6749b9","0xc9fb3fb35b5bb40f9ad4e3c6ab004bf7c09b678d","14","1", "Fulfill Basic Order"
"0x7630acdb73fb52eff1f9719ec45463668c7d39862d939de63a4e58f7f7c51147","15278385","1659650136","2022-08-04 21:55:36","0x50bfdfcb02d68e3a4643bce7edab5691ea6749b9","0xc9fb3fb35b5bb40f9ad4e3c6ab004bf7c09b678d","14","1", "Fulfill Basic Order"
"0xcedf5b28864bc44109d4f860d83a9457fa3939ac45081d1db332fe50265cdde3","15278417","1659650545","2022-08-04 22:02:25","0x50bfdfcb02d68e3a4643bce7edab5691ea6749b9","0x9b25f796dcf939b73d30ab1006d62ddde1a0b1d8","14","1", "Fulfill Basic Order"
"0x64c2268c190d05b964d993f6bdfa7110192a4246a0a65268320fd87dbb571237","15279092","1659659520","2022-08-05 00:32:00","0x50bfdfcb02d68e3a4643bce7edab5691ea6749b9","0x17fccee77ea267079a3e3d83bf1abcca104d4edb","14","1", "Fulfill Basic Order"
"0xb9fd6f5e9afd462b3815ffa32e6de039b3fdbcf529bb2fd26943c1edb79e9bb5","15279659","1659666794","2022-08-05 02:33:14","0xc9fb3fb35b5bb40f9ad4e3c6ab004bf7c09b678d","0x13847bcc26bf47a57036c4681331d8572a2cf0e3","14","1", "Safe Transfer From"
"0xb0e18e036caef114cd3bc749a50377e5a7f725b43079bc074e87b4879dc60f84","15287094","1659766705","2022-08-06 06:18:25","0x50bfdfcb02d68e3a4643bce7edab5691ea6749b9","0xf64082aae11698fd814686fae0ddc64c31fb5d56","14","1", "Fulfill Basic Order"
"0x407c07b1104afa310de96d066e202ebaad8b35695bab60b8767b1b7e9f94d928","15289376","1659797542","2022-08-06 14:52:22","0x50bfdfcb02d68e3a4643bce7edab5691ea6749b9","0xe9c8e9ac746b0a9950d16787e0a4d540b6549926","14","1", "Fulfill Advanced Order"
"0xecd4afb1c75490f5901c2888f49179a21e170d30ca6cfd83d522f41f00b0bac7","15294694","1659869127","2022-08-07 10:45:27","0x50bfdfcb02d68e3a4643bce7edab5691ea6749b9","0xd4543f9f357598e92f45325e6f2f760dc8dbe556","14","1", "Fulfill Basic Order"
"0xe8f96aec6743e67ccc6063ec40d32c9b62f9b082361f54312769ddf3a51ca4f2","15296576","1659893601","2022-08-07 17:33:21","0x50bfdfcb02d68e3a4643bce7edab5691ea6749b9","0xc1bc1b32b437b81345b84f77d300d95bd24cbb95","14","1", "Fulfill Basic Order"
"0x13ca8e11d72a757174fd8c60a0c4620e3464bd6c0faddb4f0fca71c3d822d411","15296861","1659897466","2022-08-07 18:37:46","0x50bfdfcb02d68e3a4643bce7edab5691ea6749b9","0x39340a2815802ce3f75c51de1014fc87927172ae","14","1", "Fulfill Basic Order"
"0x8c72c356db67c1a78ef7fe40c69a8d2498408bdb57bab37192ec30d28d71eef3","15296999","1659899234","2022-08-07 19:07:14","0x50bfdfcb02d68e3a4643bce7edab5691ea6749b9","0xc9fb3fb35b5bb40f9ad4e3c6ab004bf7c09b678d","14","1", "Fulfill Basic Order"
"0xaf03a48f8ec8f7bec51d13ee267c6ace660752b3420ad9f2783fba08fdeedd19","15335710","1660424989","2022-08-13 21:09:49","0x0000000000000000000000000000000000000000","0x50bfdfcb02d68e3a4643bce7edab5691ea6749b9","15","10", "Mint Base New"
"0x71ea729bf20260bba8e52cbae9fa36a15419067a04e94b4c339d027db9e2e1ce","15335768","1660425817","2022-08-13 21:23:37","0x50bfdfcb02d68e3a4643bce7edab5691ea6749b9","0x9374933862007acce42ffaf8bd23c2c5252ec28e","15","1", "Fulfill Basic Order"
"0x57007b98712488356587302d352fb35ced84765f909ef147a83509a613b96896","15335780","1660425955","2022-08-13 21:25:55","0x50bfdfcb02d68e3a4643bce7edab5691ea6749b9","0x97b557a4a6af4a8f64e2e6ed5af5d72b028c4e57","15","1", "Fulfill Basic Order"
"0xf24d115d7b836ba4cb3f5c39d3a2f4e7d970d7e01dd41de49051eb6794aae6cc","15335873","1660427443","2022-08-13 21:50:43","0x50bfdfcb02d68e3a4643bce7edab5691ea6749b9","0xf64082aae11698fd814686fae0ddc64c31fb5d56","15","1", "Fulfill Basic Order"
"0xee957762ec54d0bca0cfb802934d45a5c557a603674fbccf9a229c58f4369221","15335890","1660427687","2022-08-13 21:54:47","0x50bfdfcb02d68e3a4643bce7edab5691ea6749b9","0x5a2daaed3c1d0958ce3c414e7716fda5a49543be","15","1", "Fulfill Basic Order"
"0xa6425738a284db55f66e90c842769af57e565dc9e82aec77a14bb3e8baf04f62","15339812","1660480944","2022-08-14 12:42:24","0x50bfdfcb02d68e3a4643bce7edab5691ea6749b9","0x17fccee77ea267079a3e3d83bf1abcca104d4edb","15","1", "Fulfill Basic Order"
"0xb5f4e84d4b3afd7d60b755713608bcd5d053aec67a3195c7ef2fa2fc463e2a11","15340082","1660484486","2022-08-14 13:41:26","0x50bfdfcb02d68e3a4643bce7edab5691ea6749b9","0x39340a2815802ce3f75c51de1014fc87927172ae","15","1", "Fulfill Basic Order"
"0xbff00206254b936a1d91e00c23a2969af122eda1b47b9a1a05c2371ef8ab6378","15340332","1660487840","2022-08-14 14:37:20","0x50bfdfcb02d68e3a4643bce7edab5691ea6749b9","0x9f7dee9ea7abe25724d22653058382f2fd36af7b","15","1", "Fulfill Basic Order"
"0x5707d7ef52e851899b0f3119a0465f5e98ae7d80f371bf31ef0e759842a0777d","15341292","1660501049","2022-08-14 18:17:29","0x50bfdfcb02d68e3a4643bce7edab5691ea6749b9","0xd047912cb45c958c88a7343af0fec23551ab3fd0","15","1", "Fulfill Basic Order"
"0xceae09f18f146bcc4bbb17862264a2af9c713feea77768c3c5d9b8fe4b840452","15341299","1660501132","2022-08-14 18:18:52","0x50bfdfcb02d68e3a4643bce7edab5691ea6749b9","0xd4543f9f357598e92f45325e6f2f760dc8dbe556","15","1", "Fulfill Basic Order"
"0xccc743186f2f2514d00d8d7f0e8e8695e4e14da5a399c48a3f25d8dacc0556ff","15341953","1660510100","2022-08-14 20:48:20","0x50bfdfcb02d68e3a4643bce7edab5691ea6749b9","0xa537a87f765c1be073056c7be02477c9edd0ecef","15","1", "Fulfill Basic Order"
"0xea91a6338d892e6172d5492b8533b314a4d91a5eaec8e540df50d7f90a1052af","15342206","1660513525","2022-08-14 21:45:25","0x0000000000000000000000000000000000000000","0x50bfdfcb02d68e3a4643bce7edab5691ea6749b9","16","10", "Mint Base New"
"0x8345a2c954ece0e5244b8e895ecaca854c0e30fbbc07a7167bfbf1f3b61c3a21","15343475","1660531091","2022-08-15 02:38:11","0x50bfdfcb02d68e3a4643bce7edab5691ea6749b9","0x7904ea5a01acf65f7c9ef8f05d809d6a3f6a06fa","16","1", "Fulfill Basic Order"
"0x8231242fedbe5fafeb9a2e4be8a685b704e2c49abbf98bb43d7ba34fc645efbf","15343910","1660537300","2022-08-15 04:21:40","0x50bfdfcb02d68e3a4643bce7edab5691ea6749b9","0x39340a2815802ce3f75c51de1014fc87927172ae","16","1", "Fulfill Basic Order"
"0xa8e5582ecc72e1bee6ac4534be04c0ed64e894afcdfaaea82a507f6c74326fa1","15343937","1660537623","2022-08-15 04:27:03","0x4936b305102f442080d4711f14c5f0318e3caf74","0x39340a2815802ce3f75c51de1014fc87927172ae","8","1", "Fulfill Basic Order"
"0xafbc20f724517ebcb35d4306440845dca02942009badb67a9e86d0800ed7b13f","15344743","1660548748","2022-08-15 07:32:28","0x50bfdfcb02d68e3a4643bce7edab5691ea6749b9","0xd78269062ac48a23df529bd1aa654409b3544ffc","16","1", "Fulfill Basic Order"
"0x0397decb6ec7f65d63a417319343ab6e871fea133c5562e345988fd9c318f1fd","15346076","1660567511","2022-08-15 12:45:11","0x50bfdfcb02d68e3a4643bce7edab5691ea6749b9","0x17fccee77ea267079a3e3d83bf1abcca104d4edb","16","1", "Fulfill Basic Order"
"0xf9364d30a62ee51f744da3a18019cdba2e0fca15cb94837a16fe077527c7aba3","15350158","1660623012","2022-08-16 04:10:12","0x50bfdfcb02d68e3a4643bce7edab5691ea6749b9","0xa93025df18866119c3b3a2360904b6fe6d966c06","16","1", "Fulfill Basic Order"
"0x6c1f5f6a886d6f493d4408973b4913395c0289204ded23100ca594fae2d4c9b2","15354490","1660681878","2022-08-16 20:31:18","0x50bfdfcb02d68e3a4643bce7edab5691ea6749b9","0xe70657b3b5fbd7fc2e0d1bfe2d0e9189c13d1ea6","16","1", "Fulfill Basic Order"
"0x3615299525bb0f60482bf80fb2eb1a4a31833cfc14ee4310e467053b00955b22","15358495","1660736101","2022-08-17 11:35:01","0x50bfdfcb02d68e3a4643bce7edab5691ea6749b9","0xf64082aae11698fd814686fae0ddc64c31fb5d56","16","1", "Fulfill Basic Order"
"0xb4d6797c922689171afe61d3b3f13ceb0308826acb2e0634624808a16135cbfd","15359995","1660756433","2022-08-17 17:13:53","0x50bfdfcb02d68e3a4643bce7edab5691ea6749b9","0x78af47e0e9bcb8c24e27b837b638a241b28d4619","16","1", "Fulfill Basic Order"
"0x2d4b93b4f1e21d3743d8e4fdde05ce14c62d150c486f5d6948bd40e171915ee9","15367790","1660863638","2022-08-18 23:00:38","0x50bfdfcb02d68e3a4643bce7edab5691ea6749b9","0x44eca60441d3970d8d60ec3239e6d6fcb8b45a3c","16","1", "Fulfill Basic Order"
"0x416d8d4616bd05e458103ec5244804e5efcf71e1caed60f397bbf8ea2b09ac07","15368109","1660867851","2022-08-19 00:10:51","0x50bfdfcb02d68e3a4643bce7edab5691ea6749b9","0x6b3fa94ce1dd458f417e29bcd62f4149d8729114","16","1", "Fulfill Basic Order"
"0x4636a4cc048ba122142270b62ae85ab28822874a4a5a1770ee0907ad2e36ec34","15370257","1660897723","2022-08-19 08:28:43","0x35e68790b5737e22b1efaefa73d33d3e47b3b400","0x97b557a4a6af4a8f64e2e6ed5af5d72b028c4e57","2","1", "Fulfill Basic Order"
"0x235fc9264895e6a649e65f4d2306ce3db3788af093735fee5973d53a8adb22dc","15386364","1661117724","2022-08-21 21:35:24","0x0000000000000000000000000000000000000000","0x50bfdfcb02d68e3a4643bce7edab5691ea6749b9","17","10", "Mint Base New"
"0x66663a5ad6bff499401052279ede72e4f07fab0dadd304ba26f994c768f48ffd","15386397","1661118208","2022-08-21 21:43:28","0x50bfdfcb02d68e3a4643bce7edab5691ea6749b9","0x78af47e0e9bcb8c24e27b837b638a241b28d4619","17","1", "Fulfill Basic Order"
"0xc68197487c4cfc6292046b6130a5ef0f3505eafa907b3c18130f73073f95e8bb","15387400","1661131646","2022-08-22 01:27:26","0x50bfdfcb02d68e3a4643bce7edab5691ea6749b9","0x17fccee77ea267079a3e3d83bf1abcca104d4edb","17","1", "Fulfill Basic Order"
"0xb381a418e779780b50eb46710ae2f968c0dbb02f68c776e27e7b2f35fa8d2237","15387716","1661135913","2022-08-22 02:38:33","0x50bfdfcb02d68e3a4643bce7edab5691ea6749b9","0x13847bcc26bf47a57036c4681331d8572a2cf0e3","17","1", "Fulfill Basic Order"
"0x362695a1970df5193f1a78ad926cb094910b5d108c1c94b10e3ee1ca1c0d648a","15389801","1661165370","2022-08-22 10:49:30","0x50bfdfcb02d68e3a4643bce7edab5691ea6749b9","0x39340a2815802ce3f75c51de1014fc87927172ae","17","1", "Fulfill Basic Order"
"0x139da6dccb40baa1eeb1b73f111a7a3586b75c06c6444d09d513331d15d802a7","15390786","1661178809","2022-08-22 14:33:29","0x50bfdfcb02d68e3a4643bce7edab5691ea6749b9","0x69023dddab45f345f2b683c180001d017fc0a540","17","1", "Fulfill Basic Order"
"0xdcb3e22550e866fb7c3762ad4dd146e3c7fd7f25fc90765900a935a2566c53f0","15391097","1661182733","2022-08-22 15:38:53","0x50bfdfcb02d68e3a4643bce7edab5691ea6749b9","0xf64082aae11698fd814686fae0ddc64c31fb5d56","17","1", "Fulfill Basic Order"
"0x391114d136dd70a5100c81804afbc27a410c01b7f08b59416fadc9eefc2d7e76","15397525","1661269798","2022-08-23 15:49:58","0x50bfdfcb02d68e3a4643bce7edab5691ea6749b9","0x6b3fa94ce1dd458f417e29bcd62f4149d8729114","17","1", "Fulfill Basic Order"
"0xcd586f6990acdb4f253fd590e44e9c5d701387cf5a4e0f69a2ff4cbf9c348123","15397830","1661273889","2022-08-23 16:58:09","0xfe1f344bc6d9d5d2af0de101fb63a523bdb23d02","0x656d68bffbbd046eb944f820249f25e2f49aecb0","2","1", "Safe Transfer From"
"0x3374292771ba888c73a74f5b06e52721aa97593336cdcd829a8a12c225d163d7","15399251","1661293280","2022-08-23 22:21:20","0x50bfdfcb02d68e3a4643bce7edab5691ea6749b9","0xa30f4a337b9e53fd07db63f8f498fde92fa102c0","17","1", "Fulfill Basic Order"
"0xc2b8c2b6e9d90736d7d3bc0509253206a9fc8dd629dc280439ced6cb4cb023fb","15399663","1661299329","2022-08-24 00:02:09","0x50bfdfcb02d68e3a4643bce7edab5691ea6749b9","0x0535c5a30b2a4699bead00215c21016608801575","17","1", "Fulfill Basic Order"
"0xbf31267e2956e638930d340351bc1689ed1f7b2b86eddc51408554c2e9ee9cad","15399702","1661299828","2022-08-24 00:10:28","0x50bfdfcb02d68e3a4643bce7edab5691ea6749b9","0x17fccee77ea267079a3e3d83bf1abcca104d4edb","17","1", "Fulfill Basic Order"
"0x4d5ed51f59889667bcdb0dc9428543c63bbedc8390942d775bb13c9cba152e09","15411543","1661464149","2022-08-25 21:49:09","0x0000000000000000000000000000000000000000","0x50bfdfcb02d68e3a4643bce7edab5691ea6749b9","18","10", "Mint Base New"
"0x08da2a7cad6a200564bd65eb19b8263873b4992a86bb245e8cc837cfa8e29340","15411584","1661464751","2022-08-25 21:59:11","0x50bfdfcb02d68e3a4643bce7edab5691ea6749b9","0xcf806faa913b3ac7bcb7b57b1199411a76d96646","18","1", "Fulfill Basic Order"
"0xc7ac6d76e8b5ae6a6af2148b91e91599ca96560665b6e9ff47af0a6361fef74a","15411642","1661465482","2022-08-25 22:11:22","0x50bfdfcb02d68e3a4643bce7edab5691ea6749b9","0xb7af436ed99654fae6c6faa6c627ba598d3a2bce","18","1", "Fulfill Basic Order"
"0xe61f8ffd9edb2e993ef6fd8883d291d46d32a62a14167aee6ec51d19fcfc02a4","15413239","1661487700","2022-08-26 04:21:40","0x50bfdfcb02d68e3a4643bce7edab5691ea6749b9","0x8001edaf71dc22df812d906758754218b93b9aed","18","1", "Fulfill Basic Order"
"0x3c62caa0ff0f2dc29b79360f21b5a538c09dba4498c6d80046454f86d69a2307","15413440","1661490543","2022-08-26 05:09:03","0x50bfdfcb02d68e3a4643bce7edab5691ea6749b9","0x6b3fa94ce1dd458f417e29bcd62f4149d8729114","18","1", "Fulfill Basic Order"
"0x3ba9e7a7d098498979f6148a17bec83f8522e29a5f4014e0071343843a055eeb","15416358","1661530250","2022-08-26 16:10:50","0x50bfdfcb02d68e3a4643bce7edab5691ea6749b9","0x6b4c2803ed8b91ff3030a653156f0707c0ff8122","18","1", "Fulfill Basic Order"
"0x7c099fb2eaa9043d79fa4689d1e8012156ec0e462df71160b3812c6e310c4d02","15416740","1661536109","2022-08-26 17:48:29","0x50bfdfcb02d68e3a4643bce7edab5691ea6749b9","0xf64082aae11698fd814686fae0ddc64c31fb5d56","18","1", "Fulfill Basic Order"
"0x9162e711df42c03c115360c41fc761c289212b6f650d25dead113c0ad67d2cac","15417020","1661539974","2022-08-26 18:52:54","0x50bfdfcb02d68e3a4643bce7edab5691ea6749b9","0xe9c8e9ac746b0a9950d16787e0a4d540b6549926","18","1", "Fulfill Basic Order"
"0xab6d70c9a7ffdec5efedd63a41fbe09a965c7ec237c8e2272a0608995820f777","15417110","1661541065","2022-08-26 19:11:05","0x50bfdfcb02d68e3a4643bce7edab5691ea6749b9","0xef8a614852f96b25c8814572a24d54596d6d3647","18","1", "Fulfill Basic Order"
"0xdbf9c4b3514f173c538f33d91da38d587fee49202804d5592b0f466b8f36001f","15417639","1661548325","2022-08-26 21:12:05","0x50bfdfcb02d68e3a4643bce7edab5691ea6749b9","0x46bfe05fef935b62846747f697e651cb2ccf9a13","18","1", "Fulfill Basic Order"
"0x9bb86e6b2b4f3d0aeadf5da7befda504b27cc6cadfa513b948538f14a5ee6179","15419162","1661569644","2022-08-27 03:07:24","0x50bfdfcb02d68e3a4643bce7edab5691ea6749b9","0x39340a2815802ce3f75c51de1014fc87927172ae","18","1", "Fulfill Basic Order"
"0x9e84fe784bce2950c7f931e84ab71945928020a91701800fa7e866370274cc44","15429240","1661708905","2022-08-28 17:48:25","0x0000000000000000000000000000000000000000","0x50bfdfcb02d68e3a4643bce7edab5691ea6749b9","19","10", "Mint Base New"
"0x09ea20d302918c7b10ee706b3d60f6b89b5a061e7cb7de44c58f4e61f9c675c2","15429738","1661716060","2022-08-28 19:47:40","0x50bfdfcb02d68e3a4643bce7edab5691ea6749b9","0x533c462d59d5d204bd9d1ddbb15caf3445612f0a","19","1", "Fulfill Basic Order"
"0x7d99aa9b77084dc5a5de7eff771a01748a3972c7c85d9c5f90cb595cf47f77ff","15429897","1661718367","2022-08-28 20:26:07","0x50bfdfcb02d68e3a4643bce7edab5691ea6749b9","0x7ff9a10ee542689f17da368a67f9092f5a7263b0","19","1", "Fulfill Basic Order"
"0x14acaa57367e7163cdc09a5414b48aea73e1f125e550e39918df21bf01d357dd","15430091","1661721104","2022-08-28 21:11:44","0x50bfdfcb02d68e3a4643bce7edab5691ea6749b9","0x5a2daaed3c1d0958ce3c414e7716fda5a49543be","19","1", "Fulfill Basic Order"
"0xef323bc7de2e1033cf885e99aa78ce11997cac9dd0b20ece41239ee52000db63","15430135","1661721619","2022-08-28 21:20:19","0x50bfdfcb02d68e3a4643bce7edab5691ea6749b9","0xd047912cb45c958c88a7343af0fec23551ab3fd0","19","1", "Fulfill Basic Order"
"0xe0174def0d1ac338cb1a7bde4dfdf26980ece3e1c707eb47f8c449fa2105e1a1","15430197","1661722393","2022-08-28 21:33:13","0x50bfdfcb02d68e3a4643bce7edab5691ea6749b9","0x39340a2815802ce3f75c51de1014fc87927172ae","19","1", "Fulfill Basic Order"
"0x8a50f92893e111c2b3e9754ec7d770f8ce8333b75e1a296f6714ffc78f365494","15430731","1661729857","2022-08-28 23:37:37","0x50bfdfcb02d68e3a4643bce7edab5691ea6749b9","0xe70657b3b5fbd7fc2e0d1bfe2d0e9189c13d1ea6","19","1", "Fulfill Basic Order"
"0x4dd73470a1df8c1772d853ba4878b6c120dd1140df238abfca1e0ba02c180a7c","15430950","1661732722","2022-08-29 00:25:22","0x50bfdfcb02d68e3a4643bce7edab5691ea6749b9","0x5a2daaed3c1d0958ce3c414e7716fda5a49543be","19","1", "Fulfill Basic Order"
"0x1cc75a1255b17b14a2d49149aa2e4379c557f36860b84d70affc0a2c47805bdd","15430986","1661733254","2022-08-29 00:34:14","0x50bfdfcb02d68e3a4643bce7edab5691ea6749b9","0xe70657b3b5fbd7fc2e0d1bfe2d0e9189c13d1ea6","19","1", "Fulfill Basic Order"
"0xf9943b3995afca0c795ee012af8f1a701cb8fd6c84d82305482e558756eb3878","15431018","1661733770","2022-08-29 00:42:50","0x50bfdfcb02d68e3a4643bce7edab5691ea6749b9","0x5a2daaed3c1d0958ce3c414e7716fda5a49543be","19","1", "Fulfill Basic Order"
"0xc2d91082805b9c9cf4390d8c85662558604c62c972a885927803949a5b8591bc","15431235","1661736795","2022-08-29 01:33:15","0x50bfdfcb02d68e3a4643bce7edab5691ea6749b9","0xa30f4a337b9e53fd07db63f8f498fde92fa102c0","19","1", "Fulfill Basic Order"
"0x5a930d2ce1f905085220107960b2a715b572927a643e6a776d097f60f2e62b2f","15441757","1661881843","2022-08-30 17:50:43","0x0000000000000000000000000000000000000000","0x50bfdfcb02d68e3a4643bce7edab5691ea6749b9","20","10", "Mint Base New"
"0x31c42ff88ff0a2da5397778ef0c5dafb20e99b2c73782a9d60149b03df06bfd0","15441978","1661885004","2022-08-30 18:43:24","0x50bfdfcb02d68e3a4643bce7edab5691ea6749b9","0x97b557a4a6af4a8f64e2e6ed5af5d72b028c4e57","20","1", "Fulfill Basic Order"
"0xface1f66f891f4a3ad38ba5e5811a90989affd274b04e431685e86347b4f494e","15442054","1661885998","2022-08-30 18:59:58","0x50bfdfcb02d68e3a4643bce7edab5691ea6749b9","0xf64082aae11698fd814686fae0ddc64c31fb5d56","20","1", "Fulfill Basic Order"
"0x08e871d8e0756fd517f31f7e3ba8f79194d5fdd64607f3fd227fb346498bb10c","15442444","1661891069","2022-08-30 20:24:29","0x50bfdfcb02d68e3a4643bce7edab5691ea6749b9","0x13847bcc26bf47a57036c4681331d8572a2cf0e3","20","1", "Fulfill Basic Order"
"0x8273cda43ec732ceb42e53f2462bcc9b7dae9da9309e21f1ad80f888cb132b41","15442456","1661891289","2022-08-30 20:28:09","0xd047912cb45c958c88a7343af0fec23551ab3fd0","0x13847bcc26bf47a57036c4681331d8572a2cf0e3","19","1", "Safe Transfer From"
"0xf61214b5eb6ead32df7848ff0bf24d8bb39a01944fdc4437be6c4ad35d7f008d","15442579","1661893136","2022-08-30 20:58:56","0x50bfdfcb02d68e3a4643bce7edab5691ea6749b9","0xd047912cb45c958c88a7343af0fec23551ab3fd0","20","1", "Fulfill Advanced Order"
"0x2041fd42bdc2eff4784b530df6abdd4d8aeaac5b812a179b3db9eb07271fbbd8","15442725","1661895246","2022-08-30 21:34:06","0x50bfdfcb02d68e3a4643bce7edab5691ea6749b9","0x007393197e3d9705eed553ff6aaa496f7d20fdef","20","1", "Fulfill Basic Order"
"0xdfce734265ac01fb65d5705165ee7f5f9b05c0b877929402ae679ca29734bff6","15442887","1661897270","2022-08-30 22:07:50","0x50bfdfcb02d68e3a4643bce7edab5691ea6749b9","0xa30f4a337b9e53fd07db63f8f498fde92fa102c0","20","1", "Fulfill Basic Order"
"0x030d0e11ce4aa843d939325f444a4ba03a1ab17e0f1d916efe734fddea232082","15443436","1661905064","2022-08-31 00:17:44","0x50bfdfcb02d68e3a4643bce7edab5691ea6749b9","0x39340a2815802ce3f75c51de1014fc87927172ae","20","1", "Fulfill Basic Order"
"0xcdd8a71ae15ce2326c50a5728ad59ebd4a72beb249eafaaa4ba248016d1a2677","15444412","1661918446","2022-08-31 04:00:46","0x50bfdfcb02d68e3a4643bce7edab5691ea6749b9","0xe70657b3b5fbd7fc2e0d1bfe2d0e9189c13d1ea6","20","1", "Fulfill Basic Order"
"0xa80780f3e1df4b7d0523117d202cfa2a7066a8715c6af9916f2a1f4978e3d408","15444415","1661918486","2022-08-31 04:01:26","0x50bfdfcb02d68e3a4643bce7edab5691ea6749b9","0xe70657b3b5fbd7fc2e0d1bfe2d0e9189c13d1ea6","20","1", "Fulfill Basic Order"
"0x6092011b6797e9ea61486b5a6e466e0e76de11b445d81dec8090e16f82318f62","15444434","1661918676","2022-08-31 04:04:36","0x50bfdfcb02d68e3a4643bce7edab5691ea6749b9","0xcf806faa913b3ac7bcb7b57b1199411a76d96646","20","1", "Fulfill Basic Order"
"0xe35cfd9fc579776005f910bdf499236e23c5aad528645adbe4de67c26f8a7aed","15480892","1662423620","2022-09-06 00:20:20","0x0000000000000000000000000000000000000000","0x50bfdfcb02d68e3a4643bce7edab5691ea6749b9","21","10", "Mint Base New"
"0x54287f7e121836916e0e2e9537e0dadc9f4c3ad0a0e931a2b06c374fa7ad02ee","15480933","1662424270","2022-09-06 00:31:10","0x50bfdfcb02d68e3a4643bce7edab5691ea6749b9","0xafa1ac2383f004a81ead7435e6995fc43a650651","21","1", "Fulfill Basic Order"
"0x3ad5a20fd17110b9fe3c301ead7161cfa44099aaa8b1d51a976c157c0d8baea5","15480961","1662424753","2022-09-06 00:39:13","0x50bfdfcb02d68e3a4643bce7edab5691ea6749b9","0x6b3fa94ce1dd458f417e29bcd62f4149d8729114","21","1", "Fulfill Basic Order"
"0x04c15212aeef9581f7e7407476d5bd35795dbbe1255b2f93d974032e987817fc","15480967","1662424854","2022-09-06 00:40:54","0x50bfdfcb02d68e3a4643bce7edab5691ea6749b9","0xa30f4a337b9e53fd07db63f8f498fde92fa102c0","21","1", "Fulfill Basic Order"
"0xba65dfa31f9d0454237c6b61e748a72c69995d9a45eb6b1bdf24b6c0814d695c","15481335","1662429996","2022-09-06 02:06:36","0x50bfdfcb02d68e3a4643bce7edab5691ea6749b9","0x39340a2815802ce3f75c51de1014fc87927172ae","21","1", "Fulfill Basic Order"
"0xc9bb57225e897b8faeaa2bdb0214b61324126eea698b34a63ab7a83e14dc8e40","15481352","1662430234","2022-09-06 02:10:34","0x50bfdfcb02d68e3a4643bce7edab5691ea6749b9","0x97b557a4a6af4a8f64e2e6ed5af5d72b028c4e57","21","1", "Fulfill Basic Order"
"0x09c491c9720cffbba4d28e3a666468aa0172979f6e199259a93cef387a7c02bf","15482173","1662441423","2022-09-06 05:17:03","0x50bfdfcb02d68e3a4643bce7edab5691ea6749b9","0xcf806faa913b3ac7bcb7b57b1199411a76d96646","21","1", "Fulfill Basic Order"
"0x4b2a0356d90bcde3f55a6baae90936b56c2bd0cb9c64eb9113cdf9c51d6da8f6","15482766","1662449892","2022-09-06 07:38:12","0x50bfdfcb02d68e3a4643bce7edab5691ea6749b9","0xf64082aae11698fd814686fae0ddc64c31fb5d56","21","1", "Fulfill Basic Order"
"0xace700e51bebf8a42d38e7334f676c04b6bff0b1dc37902dbfabfe8181cb009a","15487651","1662516645","2022-09-07 02:10:45","0x50bfdfcb02d68e3a4643bce7edab5691ea6749b9","0xbaaabce9d8b6e0e7b26e107f33ddfc7bd582e301","21","1", "Fulfill Basic Order"
"0xa29afc7b82c8ab6ae778a127f3ce454784624d1ab0382cdf0ac34561ca4f7785","15491904","1662575313","2022-09-07 18:28:33","0x50bfdfcb02d68e3a4643bce7edab5691ea6749b9","0xaa66853d3071c98b2b3c968d2ee8cef6c77cdf61","21","1", "Fulfill Basic Order"
"0x5b1083019847921052539c9be681877a15ed9ae677229077b4197da78a080ed3","15499563","1662681333","2022-09-08 23:55:33","0x50bfdfcb02d68e3a4643bce7edab5691ea6749b9","0xe70657b3b5fbd7fc2e0d1bfe2d0e9189c13d1ea6","21","1", "Fulfill Basic Order"
"0x6fd6220446fdba420e9700ce73ae32e9ab60d2198890c2fd01fcd95ec98106d6","15598338","1663963739","2022-09-23 20:08:59","0x8d86672e1ffee1b9af94e2ad71866934848c44fd","0xa93025df18866119c3b3a2360904b6fe6d966c06","3","1", "Fulfill Basic Order"
"0x0e90bf61579ba7d985bda7265b6b9d05db3009862b2caeeffb38d865d849b6ab","15598344","1663963811","2022-09-23 20:10:11","0xc9fb3fb35b5bb40f9ad4e3c6ab004bf7c09b678d","0xa93025df18866119c3b3a2360904b6fe6d966c06","14","1", "Fulfill Basic Order"
"0x20f26c5055e0f3c1c8c764da5f0f74965982a8331a0de63318a24e19928ae930","15599056","1663972379","2022-09-23 22:32:59","0x0000000000000000000000000000000000000000","0x50bfdfcb02d68e3a4643bce7edab5691ea6749b9","22","10", "Mint Base New"
"0x92f6a173f9e20e9e7824e40045f6f2d1cb0782686fea9c71fe6b9dd705756160","15599084","1663972715","2022-09-23 22:38:35","0x50bfdfcb02d68e3a4643bce7edab5691ea6749b9","0xe70657b3b5fbd7fc2e0d1bfe2d0e9189c13d1ea6","22","1", "Fulfill Basic Order"
"0xb1971ee3cd36a204872c60199302b1650e65638ef3818f919309a3294e5e97cd","15599089","1663972775","2022-09-23 22:39:35","0x50bfdfcb02d68e3a4643bce7edab5691ea6749b9","0x6b3fa94ce1dd458f417e29bcd62f4149d8729114","22","1", "Fulfill Basic Order"
"0xbca2d578568c8663403da09829dab32b8d2c8ae4bcea4c91adf660a49823ee21","15599386","1663976339","2022-09-23 23:38:59","0x50bfdfcb02d68e3a4643bce7edab5691ea6749b9","0xb7af436ed99654fae6c6faa6c627ba598d3a2bce","22","1", "Fulfill Basic Order"
"0xd28ee133a64d66575ac73c72c817555cced5885d1985728728afc63a49708ffb","15599420","1663976747","2022-09-23 23:45:47","0x50bfdfcb02d68e3a4643bce7edab5691ea6749b9","0xa93025df18866119c3b3a2360904b6fe6d966c06","22","1", "Fulfill Basic Order"
"0x5ecaf7da2e2550cdad613e342bbc08ecb348206e021983126f4b8793e6e69fc7","15599426","1663976819","2022-09-23 23:46:59","0x50bfdfcb02d68e3a4643bce7edab5691ea6749b9","0xdd5b588e997983e56e5629a447083a4ca3e7b643","22","1", "Fulfill Basic Order"
"0x1e5f0c69b9f9503829f4e6483bd11efe1572cbef0b65f309ab7568b38763c4d1","15599480","1663977467","2022-09-23 23:57:47","0x50bfdfcb02d68e3a4643bce7edab5691ea6749b9","0x39340a2815802ce3f75c51de1014fc87927172ae","22","1", "Fulfill Basic Order"
"0x06efc3fcb85249272c402476e7be244d1d5924fdad0c00ab9b5b637b12b08f28","15599550","1663978307","2022-09-24 00:11:47","0x50bfdfcb02d68e3a4643bce7edab5691ea6749b9","0x533c462d59d5d204bd9d1ddbb15caf3445612f0a","22","1", "Fulfill Basic Order"
"0x42c2998224c42e8732f836d182d4b213b668219a6c15644e80a48fca290bcf98","15600161","1663985675","2022-09-24 02:14:35","0x50bfdfcb02d68e3a4643bce7edab5691ea6749b9","0x97b557a4a6af4a8f64e2e6ed5af5d72b028c4e57","22","1", "Fulfill Basic Order"
"0x53fe84af8a1e103e4696915a34624e5d28de9b569346637547374f36306eac25","15604433","1664037119","2022-09-24 16:31:59","0x50bfdfcb02d68e3a4643bce7edab5691ea6749b9","0x5d48c29895156b606dadddb5211ef64c3bb234a4","22","1", "Fulfill Basic Order"
"0x14dbe3d24c8a09ff1137f6f71f09761b0ea96c6040450352dbfecb10d4cf1884","15620549","1664231687","2022-09-26 22:34:47","0x0000000000000000000000000000000000000000","0x50bfdfcb02d68e3a4643bce7edab5691ea6749b9","23","10", "Mint Base New"
"0x3178289b5fb922f2025c14a1b435026c7e505f12e562fa61baf6c0bc61a55453","15620615","1664232479","2022-09-26 22:47:59","0x50bfdfcb02d68e3a4643bce7edab5691ea6749b9","0xbaaabce9d8b6e0e7b26e107f33ddfc7bd582e301","23","1", "Fulfill Basic Order"
"0xea6e5ec4a08cd2f71b6675cb641431d674e54ca21b758639f18a0331d9cfeb31","15620678","1664233235","2022-09-26 23:00:35","0x50bfdfcb02d68e3a4643bce7edab5691ea6749b9","0x4b3dcc15a8ab43128210fe3327bc830c36a15541","23","1", "Fulfill Basic Order"
"0xb6c1fc571d91ceb2d1d437581bb752dfc3f7ee9f90bb52bc1920f0ba96a90060","15620720","1664233739","2022-09-26 23:08:59","0x50bfdfcb02d68e3a4643bce7edab5691ea6749b9","0x97b557a4a6af4a8f64e2e6ed5af5d72b028c4e57","23","1", "Fulfill Basic Order"
"0x85a6fc554071c1779fbaced43393a34c664d44c602659f18e610ebd3a0e1a1b4","15620944","1664236427","2022-09-26 23:53:47","0x50bfdfcb02d68e3a4643bce7edab5691ea6749b9","0x6b3fa94ce1dd458f417e29bcd62f4149d8729114","23","1", "Fulfill Basic Order"
"0x6e1cffcbb28d95a0779c8c4dc76633c417bd1c28aa79978b83324dc275df00f6","15620992","1664237003","2022-09-27 00:03:23","0x50bfdfcb02d68e3a4643bce7edab5691ea6749b9","0xc5e068e8ec9f59a7aafea1acfb8a99cff339dff4","23","1", "Fulfill Advanced Order"
"0x6b0dad27411c28b156488ba9f259718725d2c64a516a94b7e8caa136b3101915","15620999","1664237087","2022-09-27 00:04:47","0x50bfdfcb02d68e3a4643bce7edab5691ea6749b9","0xc5e068e8ec9f59a7aafea1acfb8a99cff339dff4","22","1", "Fulfill Advanced Order"
"0x392c023ad6d4a4beeb29bc04fa8a2a9b5fd2e969b8c597885570901913fd108d","15621053","1664237735","2022-09-27 00:15:35","0x50bfdfcb02d68e3a4643bce7edab5691ea6749b9","0xa80a3fc9f979eb3efd1a3ba7d630074b57359a1f","23","1", "Fulfill Basic Order"
"0x26fab62a9485d0d2fbf480bcd874d5714a50cf0727fd0a9c0780b26cb6e642ac","15622441","1664254499","2022-09-27 04:54:59","0x50bfdfcb02d68e3a4643bce7edab5691ea6749b9","0x39340a2815802ce3f75c51de1014fc87927172ae","23","1", "Fulfill Basic Order"
"0x509b5259cbdddfe8e293ca9589043006b5e5ce32533a6bba64f9469914b23fa6","15623903","1664272163","2022-09-27 09:49:23","0x50bfdfcb02d68e3a4643bce7edab5691ea6749b9","0x7ff9a10ee542689f17da368a67f9092f5a7263b0","23","1", "Fulfill Basic Order"
"0xd2d749d3b06e46b3f57c2e3e1d4e13cc29922b3384fdee2a5e05d514af38ead7","15625586","1664292527","2022-09-27 15:28:47","0x50bfdfcb02d68e3a4643bce7edab5691ea6749b9","0xf64082aae11698fd814686fae0ddc64c31fb5d56","23","1", "Fulfill Basic Order"
"0x41665cdfff82172d6401b868fd6c5c0667cf08c69c1a5deae608dc76ab29db87","15628463","1664327399","2022-09-28 01:09:59","0x50bfdfcb02d68e3a4643bce7edab5691ea6749b9","0x25e7601ba5fec254e0834008cf40594edfd08b0f","23","1", "Fulfill Basic Order"
"0xa56123ba5aeddd0073d683bae4d5db63088114196118630f3362e358cf81a1e4","15647820","1664561015","2022-09-30 18:03:35","0x0000000000000000000000000000000000000000","0x50bfdfcb02d68e3a4643bce7edab5691ea6749b9","24","10", "Mint Base New"
"0x145797a3ef836f10c72c98b185070ebe20de0d53f764193c37cc6c8f010e759c","15647849","1664561363","2022-09-30 18:09:23","0x8d86672e1ffee1b9af94e2ad71866934848c44fd","0x50bfdfcb02d68e3a4643bce7edab5691ea6749b9","5","1", "Fulfill Basic Order"
"0xa226c864606e6d2c978c9881b6a38c0ce862260f51c8fbb962dde4b31ffcbbbe","15650575","1664594291","2022-10-01 03:18:11","0x50bfdfcb02d68e3a4643bce7edab5691ea6749b9","0x4b3dcc15a8ab43128210fe3327bc830c36a15541","24","1", "Fulfill Basic Order"
"0x63d2abd4b5f12a89033ee5b01f4d40dd07ed079fb822729d93390fc401dc1a2b","15650653","1664595227","2022-10-01 03:33:47","0x50bfdfcb02d68e3a4643bce7edab5691ea6749b9","0x5a2daaed3c1d0958ce3c414e7716fda5a49543be","24","1", "Fulfill Basic Order"
"0x08efcff08609be07934869cd01f82034e2da5c631a1c33edf886f41bd657e891","15650807","1664597087","2022-10-01 04:04:47","0x50bfdfcb02d68e3a4643bce7edab5691ea6749b9","0xd40115d88eb8ca9e4653c66db5235b1a156bcd47","24","1", "Fulfill Basic Order"
"0x556d520d9f67774a835b31e103a4f12acb64aa91fcacb7b8179685d26cfd5b7f","15650813","1664597159","2022-10-01 04:05:59","0x50bfdfcb02d68e3a4643bce7edab5691ea6749b9","0xd40115d88eb8ca9e4653c66db5235b1a156bcd47","24","1", "Fulfill Basic Order"
"0x7bee84c3e1faefcd08d140ea73f22acae8849e85628710bb006559056f0b2b92","15650819","1664597231","2022-10-01 04:07:11","0x50bfdfcb02d68e3a4643bce7edab5691ea6749b9","0xd40115d88eb8ca9e4653c66db5235b1a156bcd47","24","1", "Fulfill Basic Order"
"0x81bdeb65c1ddcfb1f82b17996d986896103868e3f62b90a33a78b30626344695","15654785","1664645183","2022-10-01 17:26:23","0x50bfdfcb02d68e3a4643bce7edab5691ea6749b9","0x0c3291830991538caf87207919c28d43e4a1ec9a","24","1", "Fulfill Basic Order"
"0x368a71b9d493642944f695c43e28e4256862fabfc9d8a003b7ea9c41b05553ff","15654857","1664646059","2022-10-01 17:40:59","0x50bfdfcb02d68e3a4643bce7edab5691ea6749b9","0xe9c8e9ac746b0a9950d16787e0a4d540b6549926","24","1", "Fulfill Basic Order"
"0x04ceec2a07ccf8e82dc8b6d025f222cf716d2584b9c97402f225814b80a27665","15662177","1664734355","2022-10-02 18:12:35","0x50bfdfcb02d68e3a4643bce7edab5691ea6749b9","0x7ff9a10ee542689f17da368a67f9092f5a7263b0","5","1", "Safe Transfer From"
"0x0cb41d75de499edc07e917842709c53dbb461914bffdd59581983d57eee4d81c","15669031","1664817047","2022-10-03 17:10:47","0x50bfdfcb02d68e3a4643bce7edab5691ea6749b9","0x7b59b5f5032ae3dce5b0fc809fe7d652c1952f96","24","1", "Fulfill Basic Order"
"0xd3d8d7364b42b50184db4f6cc3197a937eca8da8e0f7b5f40cb0d6de4711ba7a","15669206","1664819171","2022-10-03 17:46:11","0x7b59b5f5032ae3dce5b0fc809fe7d652c1952f96","0xf9f217d9117d8dd1c7125fb61d92430e96e3bc60","24","1", "Safe Transfer From"
"0x3e25a7c9e2f5a1a1288c21e25004c659624713a4eac4985b30439f55a1cbcb77","15671139","1664842523","2022-10-04 00:15:23","0x50bfdfcb02d68e3a4643bce7edab5691ea6749b9","0x5a2daaed3c1d0958ce3c414e7716fda5a49543be","24","1", "Fulfill Basic Order"
"0xe225de9ebf6f47e6c20c1443682e5af59739bab11361689399b9656d536571c9","15675077","1664890235","2022-10-04 13:30:35","0x50bfdfcb02d68e3a4643bce7edab5691ea6749b9","0xa537a87f765c1be073056c7be02477c9edd0ecef","24","1", "Fulfill Basic Order"
"0xa35a629b4ee4adda91ac204570d6b79bc2fcb494640d1ef9b98018359a78229e","15690863","1665081083","2022-10-06 18:31:23","0x0000000000000000000000000000000000000000","0x50bfdfcb02d68e3a4643bce7edab5691ea6749b9","25","10", "Mint Base New"
"0x08503e7fdb3f117d77fd154e6c1880052806a983fcd8cbbd425d304f6860441a","15690945","1665082067","2022-10-06 18:47:47","0x50bfdfcb02d68e3a4643bce7edab5691ea6749b9","0xe9c8e9ac746b0a9950d16787e0a4d540b6549926","25","1", "Fulfill Basic Order"
"0x4215e9a58d7473c514794d687964a64d29332f008ede4b626907d58cdab9ebda","15691616","1665090143","2022-10-06 21:02:23","0x50bfdfcb02d68e3a4643bce7edab5691ea6749b9","0x17fccee77ea267079a3e3d83bf1abcca104d4edb","25","1", "Fulfill Basic Order"
"0xbc1b0cfeffcd6567d21512f89df9f8d2025b12aa48eb470e4d8e6be7740482df","15691940","1665094043","2022-10-06 22:07:23","0x50bfdfcb02d68e3a4643bce7edab5691ea6749b9","0xc25b812f5325799e753dfcbf33c3ce23fcaca248","25","1", "Fulfill Basic Order"
"0x55871d141ff0f615b13f29136466f24db4ef8de1d6a18a490083deb652457430","15700429","1665196643","2022-10-08 02:37:23","0x50bfdfcb02d68e3a4643bce7edab5691ea6749b9","0xad7f171874d8ee8e9c998237ad3aa6396d84a008","25","1", "Fulfill Basic Order"
"0x13d4e8f446669282d6b9e7f8c100b54382819d2453f7761d0605b47ab4859d3d","15703782","1665237023","2022-10-08 13:50:23","0x50bfdfcb02d68e3a4643bce7edab5691ea6749b9","0x5a2daaed3c1d0958ce3c414e7716fda5a49543be","25","1", "Fulfill Basic Order"
"0xefc363c760d1f6a3b7b0d3c3418a036dc9bbec08db0b1ba7857cbe64d02a0d17","15705908","1665262667","2022-10-08 20:57:47","0x50bfdfcb02d68e3a4643bce7edab5691ea6749b9","0x58cd21074a9db3fd87366e0d3eb9fb300dfed120","25","1", "Fulfill Basic Order"
"0x4036c26c18acfb2df75d5aebef8828972dd39562000cddd554a4b86123ed3b9a","15707350","1665280043","2022-10-09 01:47:23","0x50bfdfcb02d68e3a4643bce7edab5691ea6749b9","0x5a2daaed3c1d0958ce3c414e7716fda5a49543be","25","1", "Fulfill Basic Order"
"0x82d13f84516d93890a80833b2859cbaa841c68e8499a72c75351a10767a58ba4","15717336","1665400475","2022-10-10 11:14:35","0x50bfdfcb02d68e3a4643bce7edab5691ea6749b9","0x39340a2815802ce3f75c51de1014fc87927172ae","25","1", "Fulfill Basic Order"
"0xc770be6bf10e18aa8990182a546d33e04012014f6e76ca4d5e741dcce303ffaf","15720281","1665436043","2022-10-10 21:07:23","0x50bfdfcb02d68e3a4643bce7edab5691ea6749b9","0x9374933862007acce42ffaf8bd23c2c5252ec28e","25","1", "Fulfill Basic Order"
"0xf59f4830cd4bf480b4efc69cf7dfc3128be85cf82231565eb2d90390db2576e7","15726138","1665506615","2022-10-11 16:43:35","0x50bfdfcb02d68e3a4643bce7edab5691ea6749b9","0xf64082aae11698fd814686fae0ddc64c31fb5d56","25","1", "Fulfill Basic Order"
"0x2fc3321ad512aa817ae5b144c19a0baf70422c44020092ea50615912bc4406e0","15764826","1665973391","2022-10-17 02:23:11","0x0000000000000000000000000000000000000000","0x50bfdfcb02d68e3a4643bce7edab5691ea6749b9","26","10", "Mint Base New"
"0x839ec8f9660c29ae0d77148798d27520995737e5c417a27e6fb116216db769d5","15764872","1665973943","2022-10-17 02:32:23","0x50bfdfcb02d68e3a4643bce7edab5691ea6749b9","0x39340a2815802ce3f75c51de1014fc87927172ae","26","1", "Fulfill Basic Order"
"0x8b4de614fe232f590fc7dfd7eb5d89d8c24b55b762c57c6d182e112ac539f201","15764877","1665974003","2022-10-17 02:33:23","0x50bfdfcb02d68e3a4643bce7edab5691ea6749b9","0xad12f9aed251fcb46934183630804095390e2c3f","26","1", "Fulfill Basic Order"
"0x68ccaadb9687852efe729e7670734396e87e785f41a79e041cc96ce9c5622249","15767103","1666000955","2022-10-17 10:02:35","0x50bfdfcb02d68e3a4643bce7edab5691ea6749b9","0x4b3dcc15a8ab43128210fe3327bc830c36a15541","26","1", "Fulfill Basic Order"
"0x8e5dcc711dfff32b907442c219d765df4627758132380a4ebf6e22efa28460d5","15767936","1666011047","2022-10-17 12:50:47","0x50bfdfcb02d68e3a4643bce7edab5691ea6749b9","0x6b3fa94ce1dd458f417e29bcd62f4149d8729114","26","1", "Fulfill Basic Order"
"0x560f29ffdb3f04737a491ff42e2f1aa5036abfd4034fb511b9e67710a3acfcc9","15771043","1666048511","2022-10-17 23:15:11","0x50bfdfcb02d68e3a4643bce7edab5691ea6749b9","0x5a2daaed3c1d0958ce3c414e7716fda5a49543be","26","1", "Fulfill Basic Order"
"0x89b48effdcb10a3394d875451495d1566fa0e776fa92853b8b07563a4fe97998","15771048","1666048571","2022-10-17 23:16:11","0x50bfdfcb02d68e3a4643bce7edab5691ea6749b9","0x5a2daaed3c1d0958ce3c414e7716fda5a49543be","26","1", "Fulfill Basic Order"
"0x410afc3baf2cbc709cb58dc3be706c6999f27cc038c5f9b925c3225b1e7a3c68","15796370","1666353947","2022-10-21 12:05:47","0x50bfdfcb02d68e3a4643bce7edab5691ea6749b9","0x5a2daaed3c1d0958ce3c414e7716fda5a49543be","26","1", "Fulfill Basic Order"
"0xbade2c8a94e98ea8f6049a663407e54c76b762534d0eb0f18ae30277828b19f0","15796431","1666354679","2022-10-21 12:17:59","0x50bfdfcb02d68e3a4643bce7edab5691ea6749b9","0x533c462d59d5d204bd9d1ddbb15caf3445612f0a","26","1", "Fulfill Basic Order"
"0x5402ff3c53567bf9225393fd1d8d42e1236d6d839c33f2480234cac754285c35","15801838","1666419947","2022-10-22 06:25:47","0x50bfdfcb02d68e3a4643bce7edab5691ea6749b9","0x5b0862394e13980a33801a9ba4d1586137208218","26","1", "Fulfill Available Advanced Orders"
"0x0e51bc4c8537c0eabdd1737251ec43788b0946cfcf44bd4c92a28347ac2d166d","15805159","1666459931","2022-10-22 17:32:11","0x50bfdfcb02d68e3a4643bce7edab5691ea6749b9","0x7230a0f2aa6ce3bc3e3ece6ff4bcaf231507cf58","26","1", "Fulfill Basic Order"
"0x17c6d6a542c4f5a828ffab2d2574457d1bd7cb4633e51d7aa83f457bad61fb89","15822001","1666663607","2022-10-25 02:06:47","0x0000000000000000000000000000000000000000","0x50bfdfcb02d68e3a4643bce7edab5691ea6749b9","27","10", "Mint Base New"
"0xe64a5e5b658adfad19ecc5bc058267cbe438eec93e0145402eb74619d455056f","15822033","1666663991","2022-10-25 02:13:11","0x50bfdfcb02d68e3a4643bce7edab5691ea6749b9","0x39340a2815802ce3f75c51de1014fc87927172ae","27","1", "Fulfill Basic Order"
"0xd4d489a4e11bba346c75b1fb36b26cb8c8354e38be4ca517308fe0eee8b3a0f5","15822548","1666670171","2022-10-25 03:56:11","0x50bfdfcb02d68e3a4643bce7edab5691ea6749b9","0x78af47e0e9bcb8c24e27b837b638a241b28d4619","27","1", "Fulfill Basic Order"
"0x2bf2dbcd9258c02a923d1bf90d5e78c16132cfc16f5962cf272eb05b08d44d85","15828318","1666739939","2022-10-25 23:18:59","0x50bfdfcb02d68e3a4643bce7edab5691ea6749b9","0xac1e563eae7b71fdd4f74123b4985208fc7c6e28","27","1", "Fulfill Basic Order"
"0xf7bcb0fef574310cecf571865d00f1567a9ae3596a3aad351e3693727cae7b82","15943178","1668126227","2022-11-11 00:23:47","0x50bfdfcb02d68e3a4643bce7edab5691ea6749b9","0xafa1ac2383f004a81ead7435e6995fc43a650651","27","1", "Fulfill Basic Order"
"0xdf617fccf9e51f7d912812f658cb2199ce5642bb2b36c850b6c4f58078daf7df","15943363","1668128471","2022-11-11 01:01:11","0x50bfdfcb02d68e3a4643bce7edab5691ea6749b9","0x93edea4c3f0a073ae25b05931037d6d51b78dfaa","27","1", "Fulfill Basic Order"
"0xdf8a98657feceab690aad796bf44e293158133ee3b45cdcc52497f1ff2095e94","15943419","1668129143","2022-11-11 01:12:23","0x50bfdfcb02d68e3a4643bce7edab5691ea6749b9","0x41d3ea0d6a64d603cb8c3ff710f05f546061cdde","27","1", "Fulfill Basic Order"
"0x63201198680fd7570cf50d5c022fe39456a1f05b6268b948231d1e3a0b0fd2af","15957563","1668299807","2022-11-13 00:36:47","0x0000000000000000000000000000000000000000","0x50bfdfcb02d68e3a4643bce7edab5691ea6749b9","28","10", "Mint Base New"
"0xcf389e4aba828562579311c4b96274e8e99b2db8d8aed5914451257534a1f635","15957617","1668300455","2022-11-13 00:47:35","0x50bfdfcb02d68e3a4643bce7edab5691ea6749b9","0x78af47e0e9bcb8c24e27b837b638a241b28d4619","28","1", "Fulfill Basic Order"
"0x6ab63976bb6e0189b6fe0b1732c7dd889f21dea8b639ead4e759bfe70c9beaa9","15957703","1668301499","2022-11-13 01:04:59","0x50bfdfcb02d68e3a4643bce7edab5691ea6749b9","0x4b3dcc15a8ab43128210fe3327bc830c36a15541","28","1", "Fulfill Basic Order"
"0xb2535f36c5f5afb4e5f3de282141b56548dfc7ec446781d01d8f4a3197092f0b","15962257","1668356423","2022-11-13 16:20:23","0x50bfdfcb02d68e3a4643bce7edab5691ea6749b9","0x87ae5401789a49c8b9103b4139bdbdb5e4309172","28","1", "Fulfill Basic Order"
"0xaaa1d521b422f412ab5f712ff3f210bb60b53fd2d3fcd05785de5cfe246fded0","15977787","1668543755","2022-11-15 20:22:35","0x50bfdfcb02d68e3a4643bce7edab5691ea6749b9","0x39340a2815802ce3f75c51de1014fc87927172ae","28","1", "Fulfill Basic Order"
"0xc923e82119edd8a3c60e3dc810786c19c137a3ec731827e1d9246c33132b904c","15979382","1668562991","2022-11-16 01:43:11","0x50bfdfcb02d68e3a4643bce7edab5691ea6749b9","0x5a2daaed3c1d0958ce3c414e7716fda5a49543be","28","1", "Fulfill Basic Order"
"0xb44cf0524198f834517ec9e05fd67fc3f543cc87b572322e92a63cac23e7045a","15985619","1668638387","2022-11-16 22:39:47","0x50bfdfcb02d68e3a4643bce7edab5691ea6749b9","0xa319cf254de9dc465a35d629f3b211b2a1b0ad21","28","1", "Fulfill Basic Order"
"0xea36448a97fcce55c9621a891ea1c53e9e471a3e0611fecc5e6c488f829a47cd","15985622","1668638423","2022-11-16 22:40:23","0x50bfdfcb02d68e3a4643bce7edab5691ea6749b9","0x41d3ea0d6a64d603cb8c3ff710f05f546061cdde","28","1", "Fulfill Basic Order"
"0x13cbb95a3ea4e9ed358e144ad5aca991efe49ce7584ebfbcd3d5ecf53f2e78ac","15986280","1668646355","2022-11-17 00:52:35","0xbaaabce9d8b6e0e7b26e107f33ddfc7bd582e301","0xf5501aa67b218ef340b23da0e7bcec77e70cf716","23","1", "Bulk Transfer"
"0x195d2efd9f7795b6efe9e2b234a055ba70a34f6a32042c67bb564911e71b59be","16001755","1668833087","2022-11-19 04:44:47","0x50bfdfcb02d68e3a4643bce7edab5691ea6749b9","0x464bd34c7dc0bdbfeb45b7ac8e9c718d3a773826","28","1", "Fulfill Basic Order"
"0x7f36b14d81cc9a63f510095fa5597588583a526502380df4034966f137494133","16021260","1669068359","2022-11-21 22:05:59","0x0000000000000000000000000000000000000000","0x50bfdfcb02d68e3a4643bce7edab5691ea6749b9","29","10", "Mint Base New"
"0x646f52e6e3fa93307e663a902cddae0934e322502966766e36b9d2b477736e5a","16021413","1669070207","2022-11-21 22:36:47","0x975d07636e8ca4d78f77ef86cdbd5f8cb3923b8e","0x9b5a2b68f53109c6b2ee14bc2dd9b93e59223a2a","6","1", "Fulfill Basic Order"
"0x60f9c2a737ace05e63885ee6f5c639f465b18f789849f91f2c0a020fe79a3cfd","16041780","1669316315","2022-11-24 18:58:35","0x50bfdfcb02d68e3a4643bce7edab5691ea6749b9","0x39340a2815802ce3f75c51de1014fc87927172ae","29","1", "Fulfill Basic Order"
"0xa8a8883010125f789d429e804f3210dfcdf4a7b966a57e0dc15b86052111e308","16048374","1669395947","2022-11-25 17:05:47","0x2378c5870024c0a2669f6dcd61e827b9916dfd24","0xfe1f344bc6d9d5d2af0de101fb63a523bdb23d02","3","1", "Fulfill Basic Order"
"0x52ceec36c0ec0660eb12274a5781884b5486e167c286563445dd143e649ecac0","16049226","1669406219","2022-11-25 19:56:59","0x50bfdfcb02d68e3a4643bce7edab5691ea6749b9","0x4b3dcc15a8ab43128210fe3327bc830c36a15541","29","1", "Fulfill Basic Order"
"0xb8356e1f0860e9c139580028184a2aeb8c3022825fe44a2e78a67f990276c6ce","16052795","1669449203","2022-11-26 07:53:23","0x50bfdfcb02d68e3a4643bce7edab5691ea6749b9","0x4f51836e363342c52e9fcf2ea892e9ecf702812f","29","1", "Fulfill Basic Order"
"0x766d0fa762abab4b873e4807310477a4a5933cee762835a2f4d230bff77c0364","16126085","1670333699","2022-12-06 13:34:59","0x58cd21074a9db3fd87366e0d3eb9fb300dfed120","0xc5e068e8ec9f59a7aafea1acfb8a99cff339dff4","25","1", "Safe Transfer From"
"0xf6b78cc8640eb147214dd808367ee7acdcac96237897ae345b86ab7e9fc3a184","16130192","1670383535","2022-12-07 03:25:35","0xc9fb3fb35b5bb40f9ad4e3c6ab004bf7c09b678d","0xf1e85e8a854e78def8c165359f59e62f8ed21527","14","1", "Fulfill Basic Order"
"0xa75f09adffaea395ee61b8c4b57685e78f1896e7a2a057132ec520084087d8c3","16151468","1670641115","2022-12-10 02:58:35","0xf64082aae11698fd814686fae0ddc64c31fb5d56","0x2378c5870024c0a2669f6dcd61e827b9916dfd24","14","1", "Fulfill Basic Order"
"0x6671c1ea53491378017d5a71a76a97c5a7323ddd2fd981142801f961f30da626","16308623","1672536431","2023-01-01 01:27:11","0xb2e0ee23551b8b056fa18e1f5be113e6f8150ac8","0x79cc8ad2517c4ed41819bec8adab994cf345a53e","5","1", "Safe Transfer From"
"0xca67aba378224bac04cf8eef3452ebde91dbe58b5ab2260d9a8b7873a84fb8d7","16406214","1673713415","2023-01-14 16:23:35","0x0000000000000000000000000000000000000000","0x50bfdfcb02d68e3a4643bce7edab5691ea6749b9","30","10", "Mint Base New"
"0x23712fbf72551295ae4d064d564b1ddc833f67ad9c778c6cafd7a66934000c49","16406263","1673714003","2023-01-14 16:33:23","0x50bfdfcb02d68e3a4643bce7edab5691ea6749b9","0xfe1f344bc6d9d5d2af0de101fb63a523bdb23d02","30","1", "Safe Transfer From"
"0xf0ab893d53d338cd46a7951740df52fc26e1c43cd0d0deae6ac90cfc6654026c","16406308","1673714543","2023-01-14 16:42:23","0x50bfdfcb02d68e3a4643bce7edab5691ea6749b9","0xe5f4a40634467a353e0273254b2391043245054b","30","1", "Fulfill Basic Order"
"0x53d6a29583fbaa87f30d29d9149569bb8a4dd8c6c8cd0c1e00570f0c76f31470","16406542","1673717351","2023-01-14 17:29:11","0x50bfdfcb02d68e3a4643bce7edab5691ea6749b9","0x8b61c93bc5527a6011cfeebbe31dac805d38d7b8","30","1", "Fulfill Basic Order"
"0x6965750f993f23648253b6fbf243195495a1601648c33eda9f6b3ec42d12cde9","16406773","1673720123","2023-01-14 18:15:23","0x50bfdfcb02d68e3a4643bce7edab5691ea6749b9","0x2dad20bb03aa416c210cc912d144ecaa0e53fc41","30","1", "Fulfill Basic Order"
"0xa4a28b09016a18b6ede168fc8a15d1b1ece28d44d006c5a68a1fdba7d6f81d5d","16407258","1673725967","2023-01-14 19:52:47","0x50bfdfcb02d68e3a4643bce7edab5691ea6749b9","0x49619447f594f5b4d2682bbe3bab519b8e349c1f","30","1", "Fulfill Basic Order"
"0xd0d1931c3062a099fdf1bf72481c4979db7197e03dd3fe07555753bd28398d64","16408944","1673746331","2023-01-15 01:32:11","0x50bfdfcb02d68e3a4643bce7edab5691ea6749b9","0xf5501aa67b218ef340b23da0e7bcec77e70cf716","30","1", "Fulfill Basic Order"
"0xf9cf3ce390510152afe43d411100e79707f43b43fefb47280861f2765cf0d814","16418454","1673861327","2023-01-16 09:28:47","0x87ae5401789a49c8b9103b4139bdbdb5e4309172","0x921da5a140593d659d5f09ad5640360de2051daf","28","1", "Bulk Transfer"
"0x8401da6a5ec516f192284fd65a4406d4ac940fc6537a1b83339b202ecdc77911","16421144","1673893703","2023-01-16 18:28:23","0x50bfdfcb02d68e3a4643bce7edab5691ea6749b9","0x4b3dcc15a8ab43128210fe3327bc830c36a15541","30","1", "Fulfill Basic Order"
"0x20d5410d0de291db5741e9881a20e04aebfe04e84dacd5d802af751cf9846c1e","16430095","1674001571","2023-01-18 00:26:11","0x50bfdfcb02d68e3a4643bce7edab5691ea6749b9","0x39340a2815802ce3f75c51de1014fc87927172ae","30","1", "Fulfill Basic Order"
"0x5651c8f492c1c0297b49d0a36f6bc97edbe9a2001ad7ac3dbecb41269d77b726","16430546","1674007031","2023-01-18 01:57:11","0x50bfdfcb02d68e3a4643bce7edab5691ea6749b9","0x5a2daaed3c1d0958ce3c414e7716fda5a49543be","30","1", "Fulfill Basic Order"
"0x88a61139bc8ecd5980a246a7a0d81a16574b421763ebac43748c4e221fed9fa2","16437223","1674087527","2023-01-19 00:18:47","0x50bfdfcb02d68e3a4643bce7edab5691ea6749b9","0x0e5985fe044a90905f3034af4e29fbf389b96972","30","1", "Fulfill Basic Order"
"0x7aa3bbb904967c79dc2194e6fe967d896f6e356fc610da6384ded94544e0c149","16587223","1675897751","2023-02-08 23:09:11","0xa30f4a337b9e53fd07db63f8f498fde92fa102c0","0x78af47e0e9bcb8c24e27b837b638a241b28d4619","21","1", "Bulk Transfer"
